survey_date,ano_ref,dbgg_focus_med_pct_pib,numeroRespondentes
2018-01-22,2024,83.75,16
2018-01-23,2024,84.0,19
2018-01-24,2024,84.0,19
2018-01-25,2024,84.0,19
2018-01-26,2024,84.0,19
2018-01-29,2024,83.75,18
2018-01-30,2024,83.25,18
2018-01-31,2024,83.25,18
2018-02-01,2024,83.25,18
2018-02-02,2024,83.5,19
2018-02-05,2024,83.5,19
2018-02-06,2024,83.5,19
2018-02-07,2024,83.5,19
2018-02-08,2024,83.25,18
2018-02-09,2024,83.0,17
2018-02-14,2024,83.5,16
2018-02-15,2024,83.6,17
2018-02-16,2024,83.6,17
2018-02-19,2024,83.55,16
2018-02-20,2024,83.8,16
2018-02-21,2024,83.8,16
2018-02-22,2024,83.6,17
2018-02-23,2024,83.6,17
2018-02-26,2024,83.6,17
2018-02-27,2024,83.6,17
2018-02-28,2024,83.6,17
2018-03-01,2024,83.6,17
2018-03-02,2024,83.6,17
2018-03-05,2024,83.55,16
2018-03-06,2024,83.55,16
2018-03-07,2024,83.55,16
2018-03-08,2024,83.55,16
2018-03-09,2024,83.5,17
2018-03-12,2024,83.55,16
2018-03-13,2024,83.7,16
2018-03-14,2024,83.6,17
2018-03-15,2024,83.6,17
2018-03-16,2024,83.6,17
2018-03-19,2024,83.4,14
2018-03-20,2024,83.8,15
2018-03-21,2024,83.8,15
2018-03-22,2024,83.8,15
2018-03-23,2024,83.4,14
2018-03-26,2024,83.0,13
2018-03-27,2024,83.0,13
2018-03-28,2024,83.4,14
2018-03-29,2024,83.4,14
2018-04-02,2024,83.0,15
2018-04-03,2024,83.0,15
2018-04-04,2024,83.0,15
2018-04-05,2024,83.0,15
2018-04-06,2024,83.0,15
2018-04-09,2024,83.4,16
2018-04-10,2024,83.4,16
2018-04-11,2024,83.4,16
2018-04-12,2024,83.4,16
2018-04-13,2024,83.4,16
2018-04-16,2024,83.8,15
2018-04-17,2024,83.8,15
2018-04-18,2024,83.8,15
2018-04-19,2024,83.6,17
2018-04-20,2024,83.6,17
2018-04-23,2024,83.6,17
2018-04-24,2024,83.0,17
2018-04-25,2024,83.0,17
2018-04-26,2024,83.0,17
2018-04-27,2024,83.0,17
2018-04-30,2024,83.0,16
2018-05-02,2024,83.0,16
2018-05-03,2024,83.0,15
2018-05-04,2024,83.0,15
2018-05-07,2024,83.0,15
2018-05-08,2024,83.0,15
2018-05-09,2024,83.0,16
2018-05-10,2024,83.0,15
2018-05-11,2024,83.0,16
2018-05-14,2024,83.0,15
2018-05-15,2024,83.3,16
2018-05-16,2024,83.3,16
2018-05-17,2024,83.3,16
2018-05-18,2024,83.3,16
2018-05-21,2024,83.3,14
2018-05-22,2024,83.3,14
2018-05-23,2024,83.3,14
2018-05-24,2024,83.3,14
2018-05-25,2024,83.3,14
2018-05-28,2024,83.3,14
2018-05-29,2024,83.3,14
2018-05-30,2024,83.3,14
2018-06-01,2024,83.3,14
2018-06-04,2024,83.3,14
2018-06-05,2024,83.05,14
2018-06-06,2024,83.05,14
2018-06-07,2024,83.35,14
2018-06-08,2024,83.8,14
2018-06-11,2024,83.6,13
2018-06-12,2024,83.6,13
2018-06-13,2024,83.8,14
2018-06-14,2024,83.8,14
2018-06-15,2024,83.8,14
2018-06-18,2024,83.8,14
2018-06-19,2024,83.8,14
2018-06-20,2024,83.8,14
2018-06-21,2024,83.8,14
2018-06-22,2024,83.8,14
2018-06-25,2024,83.8,14
2018-06-26,2024,83.8,14
2018-06-27,2024,83.8,14
2018-06-28,2024,83.8,14
2018-06-29,2024,83.6,15
2018-07-02,2024,83.6,15
2018-07-03,2024,83.6,15
2018-07-04,2024,83.35,16
2018-07-05,2024,83.35,16
2018-07-06,2024,83.35,16
2018-07-09,2024,83.35,14
2018-07-10,2024,83.35,14
2018-07-11,2024,83.6,15
2018-07-12,2024,83.6,15
2018-07-13,2024,83.6,15
2018-07-16,2024,83.6,15
2018-07-17,2024,83.65,16
2018-07-18,2024,83.65,16
2018-07-19,2024,83.65,16
2018-07-20,2024,83.65,16
2018-07-23,2024,83.65,16
2018-07-24,2024,83.65,16
2018-07-25,2024,83.65,16
2018-07-26,2024,83.65,16
2018-07-27,2024,83.65,16
2018-07-30,2024,83.65,14
2018-07-31,2024,83.7,15
2018-08-01,2024,83.7,15
2018-08-02,2024,83.7,15
2018-08-03,2024,83.7,15
2018-08-06,2024,83.7,15
2018-08-07,2024,83.7,15
2018-08-08,2024,83.7,15
2018-08-09,2024,83.7,15
2018-08-10,2024,83.6,13
2018-08-13,2024,83.35,14
2018-08-14,2024,83.35,14
2018-08-15,2024,83.35,14
2018-08-16,2024,83.35,14
2018-08-17,2024,83.35,14
2018-08-20,2024,83.1,13
2018-08-21,2024,83.1,13
2018-08-22,2024,83.35,16
2018-08-23,2024,83.6,17
2018-08-24,2024,83.6,17
2018-08-27,2024,83.6,17
2018-08-28,2024,83.6,17
2018-08-29,2024,83.6,17
2018-08-30,2024,83.6,17
2018-08-31,2024,83.6,17
2018-09-03,2024,83.6,17
2018-09-04,2024,83.6,17
2018-09-05,2024,83.6,17
2018-09-06,2024,83.6,17
2018-09-10,2024,83.6,17
2018-09-11,2024,83.6,17
2018-09-12,2024,83.6,17
2018-09-13,2024,83.65,16
2018-09-14,2024,83.6,17
2018-09-17,2024,83.6,17
2018-09-18,2024,83.6,17
2018-09-19,2024,83.6,17
2018-09-20,2024,83.6,17
2018-09-21,2024,83.6,17
2018-09-24,2024,83.45,16
2018-09-25,2024,83.45,16
2018-09-26,2024,83.45,16
2018-09-27,2024,83.45,16
2018-09-28,2024,83.45,16
2018-10-01,2024,83.45,16
2018-10-02,2024,83.45,16
2018-10-03,2024,83.45,16
2018-10-04,2024,83.4,16
2018-10-05,2024,83.4,16
2018-10-08,2024,83.2,17
2018-10-09,2024,83.2,17
2018-10-10,2024,83.2,17
2018-10-11,2024,83.2,17
2018-10-15,2024,83.2,15
2018-10-16,2024,83.2,15
2018-10-17,2024,83.2,15
2018-10-18,2024,83.4,14
2018-10-19,2024,83.4,14
2018-10-22,2024,83.6,15
2018-10-23,2024,83.6,15
2018-10-24,2024,83.6,15
2018-10-25,2024,83.65,16
2018-10-26,2024,83.7,17
2018-10-29,2024,83.7,17
2018-10-30,2024,83.7,17
2018-10-31,2024,83.7,17
2018-11-01,2024,84.0,17
2018-11-05,2024,83.85,16
2018-11-06,2024,83.85,16
2018-11-07,2024,83.85,16
2018-11-08,2024,84.0,17
2018-11-09,2024,84.0,17
2018-11-12,2024,84.0,17
2018-11-13,2024,84.0,17
2018-11-14,2024,84.0,17
2018-11-16,2024,84.0,17
2018-11-19,2024,84.0,17
2018-11-20,2024,84.0,17
2018-11-21,2024,84.0,17
2018-11-22,2024,83.8,16
2018-11-23,2024,83.8,16
2018-11-26,2024,83.8,16
2018-11-27,2024,83.8,16
2018-11-28,2024,83.8,16
2018-11-29,2024,83.8,16
2018-11-30,2024,84.0,17
2018-12-03,2024,84.0,17
2018-12-04,2024,84.0,17
2018-12-05,2024,84.0,17
2018-12-06,2024,84.0,17
2018-12-07,2024,84.0,17
2018-12-10,2024,83.3,14
2018-12-11,2024,83.8,16
2018-12-12,2024,83.8,16
2018-12-13,2024,83.8,16
2018-12-14,2024,83.8,16
2018-12-17,2024,83.6,17
2018-12-18,2024,83.3,18
2018-12-19,2024,83.3,18
2018-12-20,2024,83.3,18
2018-12-21,2024,83.0,17
2018-12-24,2024,83.0,17
2018-12-26,2024,83.0,17
2018-12-27,2024,83.0,17
2018-12-28,2024,83.0,17
2018-12-31,2024,83.0,17
2019-01-02,2024,83.0,17
2019-01-03,2024,83.0,17
2019-01-04,2024,83.0,17
2019-01-07,2024,82.5,16
2019-01-08,2024,82.5,16
2019-01-09,2024,82.5,16
2019-01-10,2024,82.5,16
2019-01-11,2024,83.0,17
2019-01-14,2024,83.0,17
2019-01-15,2024,83.0,17
2019-01-16,2024,83.0,17
2019-01-17,2024,83.0,17
2019-01-18,2024,83.0,17
2019-01-21,2024,83.0,17
2019-01-22,2024,83.0,17
2019-01-23,2024,83.0,17
2019-01-24,2024,83.0,17
2019-01-25,2024,83.0,17
2019-01-28,2024,82.5,16
2019-01-29,2024,82.5,16
2019-01-30,2024,82.5,16
2019-01-31,2024,82.5,16
2019-02-01,2024,82.0,17
2019-02-04,2024,82.0,17
2019-02-05,2024,82.0,17
2019-02-06,2024,82.0,17
2019-02-07,2024,82.0,17
2019-02-08,2024,82.0,17
2019-02-11,2024,81.63,16
2019-02-12,2024,82.0,17
2019-02-13,2024,82.0,17
2019-02-14,2024,82.5,18
2019-02-15,2024,82.5,18
2019-02-18,2024,82.5,18
2019-02-19,2024,82.5,18
2019-02-20,2024,82.5,18
2019-02-21,2024,82.5,18
2019-02-22,2024,82.5,18
2019-02-25,2024,82.5,18
2019-02-26,2024,82.5,18
2019-02-27,2024,82.5,18
2019-02-28,2024,82.5,18
2019-03-01,2024,82.5,18
2019-03-06,2024,83.0,16
2019-03-07,2024,83.0,16
2019-03-08,2024,83.0,17
2019-03-11,2024,83.0,17
2019-03-12,2024,83.0,17
2019-03-13,2024,83.0,17
2019-03-14,2024,83.0,17
2019-03-15,2024,82.5,18
2019-03-18,2024,82.0,17
2019-03-19,2024,82.0,17
2019-03-20,2024,82.5,18
2019-03-21,2024,82.5,18
2019-03-22,2024,82.5,18
2019-03-25,2024,82.0,17
2019-03-26,2024,82.0,19
2019-03-27,2024,82.0,19
2019-03-28,2024,82.5,20
2019-03-29,2024,82.5,20
2019-04-01,2024,82.5,20
2019-04-02,2024,82.5,20
2019-04-03,2024,82.5,20
2019-04-04,2024,82.5,20
2019-04-05,2024,82.5,20
2019-04-08,2024,82.5,20
2019-04-09,2024,82.5,20
2019-04-10,2024,82.5,20
2019-04-11,2024,82.5,20
2019-04-12,2024,82.5,20
2019-04-15,2024,83.0,17
2019-04-16,2024,83.0,19
2019-04-17,2024,83.0,19
2019-04-18,2024,83.0,19
2019-04-22,2024,82.0,19
2019-04-23,2024,82.0,19
2019-04-24,2024,82.0,19
2019-04-25,2024,82.0,19
2019-04-26,2024,82.5,18
2019-04-29,2024,82.0,17
2019-04-30,2024,82.0,17
2019-05-02,2024,82.0,17
2019-05-03,2024,82.0,17
2019-05-06,2024,83.0,17
2019-05-07,2024,82.5,18
2019-05-08,2024,83.0,19
2019-05-09,2024,83.0,19
2019-05-10,2024,83.0,19
2019-05-13,2024,82.5,18
2019-05-14,2024,82.5,18
2019-05-15,2024,82.5,18
2019-05-16,2024,83.3,18
2019-05-17,2024,83.0,19
2019-05-20,2024,83.3,20
2019-05-21,2024,83.3,20
2019-05-22,2024,83.3,20
2019-05-23,2024,83.3,20
2019-05-24,2024,83.3,20
2019-05-27,2024,83.3,20
2019-05-28,2024,83.3,20
2019-05-29,2024,83.3,20
2019-05-30,2024,83.3,20
2019-05-31,2024,83.3,20
2019-06-03,2024,82.0,17
2019-06-04,2024,83.0,18
2019-06-05,2024,83.0,18
2019-06-06,2024,83.0,18
2019-06-07,2024,82.6,18
2019-06-10,2024,81.95,18
2019-06-11,2024,81.95,18
2019-06-12,2024,81.95,18
2019-06-13,2024,81.95,18
2019-06-14,2024,81.75,18
2019-06-17,2024,82.35,16
2019-06-18,2024,82.35,16
2019-06-19,2024,82.35,16
2019-06-21,2024,82.42,18
2019-06-24,2024,82.42,18
2019-06-25,2024,82.42,18
2019-06-26,2024,82.42,18
2019-06-27,2024,82.42,18
2019-06-28,2024,82.0,19
2019-07-01,2024,82.0,19
2019-07-02,2024,82.0,19
2019-07-03,2024,82.0,19
2019-07-04,2024,82.0,19
2019-07-05,2024,81.7,19
2019-07-08,2024,81.67,18
2019-07-09,2024,81.67,18
2019-07-10,2024,81.67,18
2019-07-11,2024,81.7,17
2019-07-12,2024,81.7,17
2019-07-15,2024,82.0,17
2019-07-16,2024,81.85,18
2019-07-17,2024,81.85,18
2019-07-18,2024,81.7,17
2019-07-19,2024,81.7,17
2019-07-22,2024,81.7,15
2019-07-23,2024,81.85,16
2019-07-24,2024,81.85,16
2019-07-25,2024,82.0,17
2019-07-26,2024,82.0,17
2019-07-29,2024,82.45,16
2019-07-30,2024,82.45,16
2019-07-31,2024,82.45,16
2019-08-01,2024,82.45,16
2019-08-02,2024,82.45,16
2019-08-05,2024,83.2,15
2019-08-06,2024,83.2,15
2019-08-07,2024,83.2,15
2019-08-08,2024,83.2,15
2019-08-09,2024,83.2,15
2019-08-12,2024,83.2,15
2019-08-13,2024,83.2,15
2019-08-14,2024,83.2,15
2019-08-15,2024,83.2,15
2019-08-16,2024,83.6,16
2019-08-19,2024,83.6,16
2019-08-20,2024,83.6,16
2019-08-21,2024,83.6,16
2019-08-22,2024,83.6,16
2019-08-23,2024,81.2,16
2019-08-26,2024,81.2,16
2019-08-27,2024,81.2,16
2019-08-28,2024,81.2,16
2019-08-29,2024,81.2,16
2019-08-30,2024,83.2,17
2019-09-02,2024,83.2,17
2019-09-03,2024,83.2,17
2019-09-04,2024,83.2,17
2019-09-05,2024,83.2,17
2019-09-06,2024,83.2,17
2019-09-09,2024,82.55,18
2019-09-10,2024,82.55,18
2019-09-11,2024,82.55,18
2019-09-12,2024,83.2,17
2019-09-13,2024,82.55,18
2019-09-16,2024,81.9,15
2019-09-17,2024,82.55,16
2019-09-18,2024,82.55,16
2019-09-19,2024,81.9,15
2019-09-20,2024,81.9,17
2019-09-23,2024,81.9,17
2019-09-24,2024,81.9,17
2019-09-25,2024,81.9,17
2019-09-26,2024,81.9,17
2019-09-27,2024,81.9,17
2019-09-30,2024,81.9,17
2019-10-01,2024,81.9,17
2019-10-02,2024,81.9,17
2019-10-03,2024,82.44,18
2019-10-04,2024,82.44,18
2019-10-07,2024,82.44,18
2019-10-08,2024,82.44,18
2019-10-09,2024,82.44,18
2019-10-10,2024,82.44,18
2019-10-11,2024,81.9,17
2019-10-14,2024,83.09,16
2019-10-15,2024,83.09,16
2019-10-16,2024,83.09,16
2019-10-17,2024,82.99,16
2019-10-18,2024,81.9,17
2019-10-21,2024,81.77,16
2019-10-22,2024,81.9,17
2019-10-23,2024,81.9,17
2019-10-24,2024,82.44,18
2019-10-25,2024,81.9,19
2019-10-28,2024,81.9,19
2019-10-29,2024,81.9,19
2019-10-30,2024,81.9,19
2019-10-31,2024,81.77,18
2019-11-01,2024,81.77,18
2019-11-04,2024,81.63,17
2019-11-05,2024,81.63,17
2019-11-06,2024,81.63,17
2019-11-07,2024,81.22,18
2019-11-08,2024,81.63,19
2019-11-11,2024,81.77,18
2019-11-12,2024,81.77,18
2019-11-13,2024,81.63,19
2019-11-14,2024,81.63,19
2019-11-18,2024,81.77,18
2019-11-19,2024,81.77,18
2019-11-20,2024,81.77,18
2019-11-21,2024,81.77,18
2019-11-22,2024,81.22,20
2019-11-25,2024,81.22,18
2019-11-26,2024,81.22,18
2019-11-27,2024,81.22,18
2019-11-28,2024,81.22,18
2019-11-29,2024,81.22,18
2019-12-02,2024,79.9,18
2019-12-03,2024,79.9,18
2019-12-04,2024,79.9,18
2019-12-05,2024,79.9,18
2019-12-06,2024,79.9,18
2019-12-09,2024,81.35,16
2019-12-10,2024,81.35,16
2019-12-11,2024,81.35,16
2019-12-12,2024,81.35,16
2019-12-13,2024,81.35,16
2019-12-16,2024,81.35,16
2019-12-17,2024,81.35,16
2019-12-18,2024,81.35,16
2019-12-19,2024,80.8,17
2019-12-20,2024,80.8,17
2019-12-23,2024,81.05,17
2019-12-24,2024,81.05,17
2019-12-26,2024,81.05,17
2019-12-27,2024,81.05,17
2019-12-30,2024,81.05,17
2019-12-31,2024,81.05,17
2020-01-02,2024,81.48,16
2020-01-03,2024,81.48,16
2020-01-06,2024,81.9,15
2020-01-07,2024,80.03,16
2020-01-08,2024,80.03,16
2020-01-09,2024,79.0,15
2020-01-10,2024,79.0,15
2020-01-13,2024,78.6,15
2020-01-14,2024,78.6,15
2020-01-15,2024,78.6,15
2020-01-16,2024,78.8,16
2020-01-17,2024,78.8,16
2020-01-20,2024,79.0,15
2020-01-21,2024,79.0,15
2020-01-22,2024,79.0,15
2020-01-23,2024,78.6,13
2020-01-24,2024,78.8,16
2020-01-27,2024,78.8,16
2020-01-28,2024,78.8,16
2020-01-29,2024,78.8,16
2020-01-30,2024,78.6,15
2020-01-31,2024,78.35,16
2020-02-03,2024,78.35,16
2020-02-04,2024,78.35,16
2020-02-05,2024,78.35,16
2020-02-06,2024,78.35,16
2020-02-07,2024,78.35,16
2020-02-10,2024,78.35,16
2020-02-11,2024,78.3,16
2020-02-12,2024,78.3,16
2020-02-13,2024,78.5,15
2020-02-14,2024,78.5,15
2020-02-17,2024,78.3,14
2020-02-18,2024,78.3,14
2020-02-19,2024,78.3,14
2020-02-20,2024,78.3,14
2020-02-21,2024,78.3,14
2020-02-26,2024,77.1,11
2020-02-27,2024,78.1,13
2020-02-28,2024,78.1,13
2020-03-02,2024,78.55,12
2020-03-03,2024,78.55,12
2020-03-04,2024,78.8,14
2020-03-05,2024,78.8,14
2020-03-06,2024,78.6,15
2020-03-09,2024,78.55,16
2020-03-10,2024,78.55,16
2020-03-11,2024,78.55,16
2020-03-12,2024,78.55,16
2020-03-13,2024,78.45,18
2020-03-16,2024,78.45,18
2020-03-17,2024,78.45,18
2020-03-18,2024,78.45,18
2020-03-19,2024,78.45,18
2020-03-20,2024,78.45,18
2020-03-23,2024,78.3,17
2020-03-24,2024,78.3,17
2020-03-25,2024,78.3,17
2020-03-26,2024,78.3,17
2020-03-27,2024,79.9,17
2020-03-30,2024,79.0,17
2020-03-31,2024,79.0,17
2020-04-01,2024,79.0,17
2020-04-02,2024,78.65,16
2020-04-03,2024,79.45,16
2020-04-06,2024,79.45,14
2020-04-07,2024,80.0,14
2020-04-08,2024,80.0,14
2020-04-09,2024,80.15,14
2020-04-13,2024,82.0,13
2020-04-14,2024,82.0,14
2020-04-15,2024,82.0,15
2020-04-16,2024,82.0,15
2020-04-17,2024,83.2,15
2020-04-20,2024,83.2,15
2020-04-22,2024,83.2,15
2020-04-23,2024,84.0,15
2020-04-24,2024,83.6,14
2020-04-27,2024,84.0,13
2020-04-28,2024,84.0,13
2020-04-29,2024,84.0,13
2020-04-30,2024,84.05,14
2020-05-04,2024,84.95,14
2020-05-05,2024,84.95,14
2020-05-06,2024,84.95,14
2020-05-07,2024,84.95,14
2020-05-08,2024,84.95,14
2020-05-11,2024,85.8,13
2020-05-12,2024,85.8,13
2020-05-13,2024,85.8,13
2020-05-14,2024,85.8,13
2020-05-15,2024,86.6,12
2020-05-18,2024,86.75,12
2020-05-19,2024,86.75,12
2020-05-20,2024,86.75,12
2020-05-21,2024,86.75,12
2020-05-22,2024,86.75,14
2020-05-25,2024,86.75,14
2020-05-26,2024,86.75,14
2020-05-27,2024,86.75,14
2020-05-28,2024,87.65,14
2020-05-29,2024,87.65,14
2020-06-01,2024,88.4,13
2020-06-02,2024,88.4,13
2020-06-03,2024,87.65,14
2020-06-04,2024,87.65,14
2020-06-05,2024,88.6,14
2020-06-08,2024,87.55,12
2020-06-09,2024,88.0,13
2020-06-10,2024,88.5,13
2020-06-12,2024,91.9,15
2020-06-15,2024,91.9,15
2020-06-16,2024,91.9,15
2020-06-17,2024,91.9,15
2020-06-18,2024,91.9,15
2020-06-19,2024,91.9,15
2020-06-22,2024,92.2,14
2020-06-23,2024,92.2,14
2020-06-24,2024,92.2,14
2020-06-25,2024,92.2,14
2020-06-26,2024,92.2,14
2020-06-29,2024,92.2,14
2020-06-30,2024,92.2,14
2020-07-01,2024,92.2,14
2020-07-02,2024,92.2,14
2020-07-03,2024,92.45,14
2020-07-06,2024,93.0,15
2020-07-07,2024,93.0,15
2020-07-08,2024,93.0,15
2020-07-09,2024,93.0,15
2020-07-10,2024,93.7,14
2020-07-13,2024,93.6,11
2020-07-14,2024,93.6,11
2020-07-15,2024,93.6,11
2020-07-16,2024,93.6,11
2020-07-17,2024,93.6,11
2020-07-20,2024,93.6,11
2020-07-21,2024,93.6,11
2020-07-22,2024,93.6,11
2020-07-23,2024,93.6,11
2020-07-24,2024,93.6,13
2020-07-27,2024,93.7,14
2020-07-28,2024,93.7,14
2020-07-29,2024,94.85,14
2020-07-30,2024,94.85,14
2020-07-31,2024,93.8,15
2020-08-03,2024,93.8,15
2020-08-04,2024,93.8,15
2020-08-05,2024,93.8,15
2020-08-06,2024,93.4,14
2020-08-07,2024,93.8,15
2020-08-10,2024,94.85,14
2020-08-11,2024,95.9,14
2020-08-12,2024,95.9,15
2020-08-13,2024,95.9,15
2020-08-14,2024,95.9,15
2020-08-17,2024,96.1,16
2020-08-18,2024,96.1,16
2020-08-19,2024,96.1,16
2020-08-20,2024,96.1,16
2020-08-21,2024,96.1,16
2020-08-24,2024,95.9,15
2020-08-25,2024,95.9,15
2020-08-26,2024,95.9,15
2020-08-27,2024,95.9,15
2020-08-28,2024,96.1,16
2020-08-31,2024,95.9,15
2020-09-01,2024,95.9,15
2020-09-02,2024,95.9,15
2020-09-03,2024,95.9,15
2020-09-04,2024,96.95,14
2020-09-08,2024,96.95,12
2020-09-09,2024,96.97,13
2020-09-10,2024,96.97,13
2020-09-11,2024,97.49,14
2020-09-14,2024,96.97,13
2020-09-15,2024,96.97,13
2020-09-16,2024,96.97,13
2020-09-17,2024,96.97,13
2020-09-18,2024,96.97,13
2020-09-21,2024,96.97,13
2020-09-22,2024,96.97,13
2020-09-23,2024,96.97,13
2020-09-24,2024,96.97,13
2020-09-25,2024,96.44,14
2020-09-28,2024,95.45,12
2020-09-29,2024,95.45,12
2020-09-30,2024,95.45,12
2020-10-01,2024,95.45,12
2020-10-02,2024,96.44,14
2020-10-05,2024,96.44,14
2020-10-06,2024,96.44,14
2020-10-07,2024,96.97,15
2020-10-08,2024,96.97,15
2020-10-09,2024,96.97,15
2020-10-13,2024,95.9,13
2020-10-14,2024,95.0,13
2020-10-15,2024,95.0,13
2020-10-16,2024,98.0,13
2020-10-19,2024,96.5,12
2020-10-20,2024,96.5,12
2020-10-21,2024,96.5,12
2020-10-22,2024,96.5,12
2020-10-23,2024,98.0,14
2020-10-26,2024,98.0,14
2020-10-27,2024,98.0,14
2020-10-28,2024,98.0,14
2020-10-29,2024,98.0,14
2020-10-30,2024,97.85,14
2020-11-03,2024,98.0,13
2020-11-04,2024,98.0,13
2020-11-05,2024,98.0,13
2020-11-06,2024,98.0,13
2020-11-09,2024,97.85,12
2020-11-10,2024,98.0,13
2020-11-11,2024,98.0,13
2020-11-12,2024,98.0,13
2020-11-13,2024,98.0,15
2020-11-16,2024,98.0,14
2020-11-17,2024,97.85,16
2020-11-18,2024,97.85,16
2020-11-19,2024,98.0,15
2020-11-20,2024,98.0,17
2020-11-23,2024,97.85,16
2020-11-24,2024,97.85,16
2020-11-25,2024,98.0,17
2020-11-26,2024,98.0,17
2020-11-27,2024,98.0,17
2020-11-30,2024,98.0,17
2020-12-01,2024,98.0,18
2020-12-02,2024,98.0,18
2020-12-03,2024,98.0,18
2020-12-04,2024,97.85,18
2020-12-07,2024,97.85,18
2020-12-08,2024,97.85,18
2020-12-09,2024,97.85,18
2020-12-10,2024,97.85,18
2020-12-11,2024,97.85,18
2020-12-14,2024,98.0,17
2020-12-15,2024,98.0,17
2020-12-16,2024,97.7,17
2020-12-17,2024,96.4,17
2020-12-18,2024,97.2,16
2020-12-21,2024,97.2,14
2020-12-22,2024,97.2,14
2020-12-23,2024,97.2,14
2020-12-24,2024,97.2,14
2020-12-28,2024,96.69,14
2020-12-29,2024,96.69,14
2020-12-30,2024,96.69,14
2020-12-31,2024,96.69,14
2021-01-04,2024,96.4,13
2021-01-05,2024,96.4,13
2021-01-06,2024,96.4,13
2021-01-07,2024,95.55,12
2021-01-08,2024,95.55,12
2021-01-11,2024,94.7,11
2021-01-12,2024,94.7,11
2021-01-13,2024,93.8,11
2021-01-14,2024,93.8,11
2021-01-15,2024,94.25,12
2021-01-18,2024,94.25,10
2021-01-19,2024,94.25,10
2021-01-20,2024,93.8,11
2021-01-21,2024,92.9,10
2021-01-22,2024,91.7,12
2021-01-25,2024,91.4,13
2021-01-26,2024,91.4,13
2021-01-27,2024,91.4,13
2021-01-28,2024,90.95,12
2021-01-29,2024,91.0,13
2021-02-01,2024,91.0,13
2021-02-02,2024,91.1,14
2021-02-03,2024,91.1,14
2021-02-04,2024,91.0,13
2021-02-05,2024,91.3,14
2021-02-08,2024,91.3,16
2021-02-09,2024,91.3,16
2021-02-10,2024,91.3,16
2021-02-11,2024,91.2,15
2021-02-12,2024,91.2,15
2021-02-17,2024,91.2,13
2021-02-18,2024,91.2,13
2021-02-19,2024,91.3,16
2021-02-22,2024,91.9,14
2021-02-23,2024,91.6,16
2021-02-24,2024,91.6,16
2021-02-25,2024,92.0,15
2021-02-26,2024,92.0,15
2021-03-01,2024,91.6,14
2021-03-02,2024,91.6,14
2021-03-03,2024,91.6,14
2021-03-04,2024,91.6,14
2021-03-05,2024,92.0,13
2021-03-08,2024,92.0,13
2021-03-09,2024,92.0,13
2021-03-10,2024,92.6,13
2021-03-11,2024,92.6,11
2021-03-12,2024,93.8,13
2021-03-15,2024,93.8,13
2021-03-16,2024,93.8,13
2021-03-17,2024,93.8,13
2021-03-18,2024,93.8,13
2021-03-19,2024,93.8,13
2021-03-22,2024,94.0,13
2021-03-23,2024,94.0,13
2021-03-24,2024,94.0,13
2021-03-25,2024,94.0,13
2021-03-26,2024,94.5,11
2021-03-29,2024,94.5,11
2021-03-30,2024,94.5,11
2021-03-31,2024,93.8,3
2021-04-01,2024,93.8,3
2021-04-05,2024,93.0,1
2021-04-06,2024,93.0,1
2021-04-07,2024,90.8,2
2021-04-08,2024,88.15,2
2021-04-09,2024,91.55,4
2021-04-12,2024,91.35,4
2021-04-13,2024,91.35,4
2021-04-14,2024,91.35,4
2021-04-15,2024,92.8,5
2021-04-16,2024,92.7,4
2021-04-19,2024,92.8,3
2021-04-20,2024,92.8,3
2021-04-22,2024,92.8,5
2021-04-23,2024,93.7,6
2021-04-26,2024,92.95,8
2021-04-27,2024,92.95,8
2021-04-28,2024,92.95,8
2021-04-29,2024,92.95,6
2021-04-30,2024,92.8,4
2021-05-03,2024,94.4,2
2021-05-04,2024,94.4,2
2021-05-05,2024,94.4,2
2021-05-06,2024,92.6,3
2021-05-07,2024,90.6,3
2021-05-10,2024,90.3,4
2021-05-11,2024,90.3,4
2021-05-12,2024,90.6,5
2021-05-13,2024,92.6,5
2021-05-14,2024,91.7,6
2021-05-17,2024,92.6,5
2021-05-18,2024,92.6,5
2021-05-19,2024,94.5,5
2021-05-20,2024,92.7,4
2021-05-21,2024,94.3,5
2021-05-24,2024,94.3,5
2021-05-25,2024,94.3,5
2021-05-26,2024,92.6,5
2021-05-27,2024,92.6,5
2021-05-28,2024,86.5,2
2021-05-31,2024,86.5,2
2021-06-01,2024,92.5,3
2021-06-02,2024,90.15,4
2021-06-04,2024,87.3,6
2021-06-07,2024,86.8,7
2021-06-08,2024,86.8,7
2021-06-09,2024,87.3,8
2021-06-10,2024,87.6,7
2021-06-11,2024,88.0,11
2021-06-14,2024,88.0,11
2021-06-15,2024,88.0,11
2021-06-16,2024,88.0,10
2021-06-17,2024,88.0,11
2021-06-18,2024,86.2,6
2021-06-21,2024,86.6,5
2021-06-22,2024,86.6,5
2021-06-23,2024,85.8,7
2021-06-24,2024,85.8,5
2021-06-25,2024,85.7,4
2021-06-28,2024,85.7,6
2021-06-29,2024,85.7,6
2021-06-30,2024,87.0,4
2021-07-01,2024,87.0,4
2021-07-02,2024,87.0,4
2021-07-05,2024,86.5,4
2021-07-06,2024,86.6,5
2021-07-07,2024,86.6,5
2021-07-08,2024,85.55,8
2021-07-09,2024,85.1,7
2021-07-12,2024,85.0,6
2021-07-13,2024,84.9,5
2021-07-14,2024,84.45,4
2021-07-15,2024,84.9,1
2021-07-16,2024,85.6,6
2021-07-19,2024,85.6,6
2021-07-20,2024,85.6,6
2021-07-21,2024,85.8,7
2021-07-22,2024,86.2,6
2021-07-23,2024,88.0,5
2021-07-26,2024,87.3,6
2021-07-27,2024,88.0,5
2021-07-28,2024,86.0,4
2021-07-29,2024,85.05,6
2021-07-30,2024,85.6,5
2021-08-02,2024,85.75,4
2021-08-03,2024,85.75,4
2021-08-04,2024,85.75,4
2021-08-05,2024,85.75,2
2021-08-06,2024,85.9,3
2021-08-09,2024,85.25,4
2021-08-10,2024,85.9,5
2021-08-11,2024,85.95,6
2021-08-12,2024,85.25,8
2021-08-13,2024,85.85,8
2021-08-16,2024,85.9,7
2021-08-17,2024,85.85,6
2021-08-18,2024,85.85,6
2021-08-19,2024,86.25,4
2021-08-20,2024,84.45,4
2021-08-23,2024,83.0,3
2021-08-24,2024,83.6,5
2021-08-25,2024,83.3,6
2021-08-26,2024,83.6,7
2021-08-27,2024,84.05,6
2021-08-30,2024,84.95,6
2021-08-31,2024,85.25,4
2021-09-01,2024,86.0,3
2021-09-02,2024,86.05,2
2021-09-03,2024,86.0,4
2021-09-06,2024,86.0,3
2021-09-08,2024,86.0,3
2021-09-09,2024,85.95,4
2021-09-10,2024,85.9,7
2021-09-13,2024,85.4,6
2021-09-14,2024,85.8,7
2021-09-15,2024,85.4,8
2021-09-16,2024,84.8,8
2021-09-17,2024,84.6,11
2021-09-20,2024,84.6,9
2021-09-21,2024,84.6,9
2021-09-22,2024,84.6,8
2021-09-23,2024,84.6,8
2021-09-24,2024,84.445,2
2021-09-27,2024,85.0,3
2021-09-28,2024,85.0,3
2021-09-29,2024,85.2,4
2021-09-30,2024,85.4,3
2021-10-01,2024,85.0,5
2021-10-04,2024,84.2,4
2021-10-05,2024,84.2,4
2021-10-06,2024,83.25,4
2021-10-07,2024,83.5,4
2021-10-08,2024,86.54,3
2021-10-11,2024,86.54,3
2021-10-13,2024,86.54,3
2021-10-14,2024,85.27,4
2021-10-15,2024,86.2,5
2021-10-18,2024,85.1,4
2021-10-19,2024,85.1,4
2021-10-20,2024,85.1,4
2021-10-21,2024,86.2,5
2021-10-22,2024,85.7,10
2021-10-25,2024,85.7,10
2021-10-26,2024,85.4,11
2021-10-27,2024,85.4,11
2021-10-28,2024,86.0,10
2021-10-29,2024,86.59,3
2021-11-01,2024,86.59,3
2021-11-03,2024,86.295,4
2021-11-04,2024,86.295,4
2021-11-05,2024,85.4,5
2021-11-08,2024,85.4,7
2021-11-09,2024,85.4,7
2021-11-10,2024,86.0,7
2021-11-11,2024,86.0,7
2021-11-12,2024,91.1,5
2021-11-16,2024,91.1,5
2021-11-17,2024,87.6,7
2021-11-18,2024,87.45,8
2021-11-19,2024,86.945,12
2021-11-22,2024,86.59,11
2021-11-23,2024,86.59,9
2021-11-24,2024,85.9,7
2021-11-25,2024,85.9,5
2021-11-26,2024,90.6,2
2021-11-29,2024,90.4,3
2021-11-30,2024,90.4,3
2021-12-01,2024,90.4,3
2021-12-02,2024,89.7,5
2021-12-03,2024,86.35,8
2021-12-06,2024,86.7,8
2021-12-07,2024,86.7,10
2021-12-08,2024,86.7,11
2021-12-09,2024,88.62,11
2021-12-10,2024,88.62,7
2021-12-13,2024,89.16,6
2021-12-14,2024,88.51,4
2021-12-15,2024,88.51,4
2021-12-16,2024,89.3,4
2021-12-17,2024,88.4,7
2021-12-20,2024,87.55,8
2021-12-21,2024,86.85,8
2021-12-22,2024,86.85,8
2021-12-23,2024,87.0,10
2021-12-24,2024,87.0,5
2021-12-27,2024,87.0,6
2021-12-28,2024,87.0,5
2021-12-29,2024,87.0,5
2021-12-30,2024,86.0,3
2021-12-31,2024,87.31,4
2022-01-03,2024,90.1,5
2022-01-04,2024,90.1,6
2022-01-05,2024,90.1,6
2022-01-06,2024,90.1,5
2022-01-07,2024,90.115,8
2022-01-10,2024,90.2,5
2022-01-11,2024,88.17,5
2022-01-12,2024,89.185,6
2022-01-13,2024,89.185,6
2022-01-14,2024,86.185,8
2022-01-17,2024,86.0,9
2022-01-18,2024,86.0,9
2022-01-19,2024,85.1,8
2022-01-20,2024,86.0,9
2022-01-21,2024,88.62,9
2022-01-24,2024,89.37,10
2022-01-25,2024,89.24,9
2022-01-26,2024,89.24,9
2022-01-27,2024,88.12,10
2022-01-28,2024,87.0,5
2022-01-31,2024,87.0,2
2022-02-01,2024,87.0,2
2022-02-02,2024,87.0,2
2022-02-03,2024,87.81,20
2022-02-04,2024,85.9965,4
2022-02-07,2024,85.81,6
2022-02-08,2024,85.62,7
2022-02-09,2024,85.62,7
2022-02-10,2024,85.81,8
2022-02-11,2024,85.1,8
2022-02-14,2024,86.7,9
2022-02-15,2024,87.65,8
2022-02-16,2024,88.6,9
2022-02-17,2024,87.65,8
2022-02-18,2024,88.6,10
2022-02-21,2024,86.5,9
2022-02-22,2024,86.5,9
2022-02-23,2024,86.5,9
2022-02-24,2024,86.06,10
2022-02-25,2024,85.66,10
2022-03-02,2024,85.66,8
2022-03-03,2024,85.7,9
2022-03-04,2024,85.7,11
2022-03-07,2024,85.7,10
2022-03-08,2024,87.75,6
2022-03-09,2024,86.7,7
2022-03-10,2024,86.75,8
2022-03-11,2024,85.35,11
2022-03-14,2024,85.35,11
2022-03-15,2024,85.35,11
2022-03-16,2024,84.675,10
2022-03-17,2024,84.0,7
2022-03-18,2024,87.6,6
2022-03-21,2024,86.4,7
2022-03-22,2024,86.4,7
2022-03-23,2024,86.0,7
2022-03-24,2024,85.5,9
2022-03-25,2024,85.425,8
2022-03-28,2024,85.425,8
2022-03-29,2024,85.425,8
2022-03-30,2024,85.425,8
2022-03-31,2024,85.58,6
2022-04-01,2024,85.13,8
2022-04-04,2024,85.34,7
2022-04-05,2024,85.13,8
2022-04-06,2024,85.13,8
2022-04-07,2024,85.13,8
2022-04-08,2024,85.34,7
2022-04-11,2024,85.34,7
2022-04-12,2024,85.42,6
2022-04-13,2024,85.42,6
2022-04-14,2024,85.12,8
2022-04-18,2024,85.42,6
2022-04-19,2024,85.42,6
2022-04-20,2024,85.12,8
2022-04-22,2024,85.5,9
2022-04-25,2024,85.5,11
2022-04-26,2024,85.5,11
2022-04-27,2024,85.5,11
2022-04-28,2024,85.6216,9
2022-04-29,2024,85.5,13
2022-05-02,2024,85.5,9
2022-05-03,2024,85.5,9
2022-05-04,2024,85.2,10
2022-05-05,2024,85.7,10
2022-05-06,2024,83.7,7
2022-05-09,2024,83.7,7
2022-05-10,2024,83.7,7
2022-05-11,2024,83.7,7
2022-05-12,2024,83.7,9
2022-05-13,2024,85.5,7
2022-05-16,2024,85.5,7
2022-05-17,2024,84.7,8
2022-05-18,2024,84.7,8
2022-05-19,2024,84.05,6
2022-05-20,2024,84.2,11
2022-05-23,2024,84.2,11
2022-05-24,2024,84.4,10
2022-05-25,2024,84.2,11
2022-05-26,2024,83.9,11
2022-05-27,2024,83.8,6
2022-05-30,2024,83.9,7
2022-05-31,2024,83.7,7
2022-06-01,2024,84.6,6
2022-06-02,2024,84.6,6
2022-06-03,2024,83.7,5
2022-06-06,2024,82.85,6
2022-06-07,2024,83.7,5
2022-06-08,2024,82.85,6
2022-06-09,2024,82.85,6
2022-06-10,2024,83.3,11
2022-06-13,2024,83.5,10
2022-06-14,2024,83.5,10
2022-06-15,2024,83.55,10
2022-06-17,2024,83.695,14
2022-06-20,2024,81.6,9
2022-06-21,2024,81.6,9
2022-06-22,2024,82.595,10
2022-06-23,2024,83.59,9
2022-06-24,2024,83.95,8
2022-06-27,2024,84.0,7
2022-06-28,2024,84.0,7
2022-06-29,2024,84.0,7
2022-06-30,2024,84.0,7
2022-07-01,2024,82.6,6
2022-07-04,2024,81.3,5
2022-07-05,2024,81.3,5
2022-07-06,2024,82.6,6
2022-07-07,2024,83.9,7
2022-07-08,2024,83.95,6
2022-07-11,2024,83.95,6
2022-07-12,2024,83.9,7
2022-07-13,2024,83.9,7
2022-07-14,2024,83.9,7
2022-07-15,2024,83.45,8
2022-07-18,2024,83.65,10
2022-07-19,2024,83.65,8
2022-07-20,2024,83.65,10
2022-07-21,2024,83.4,9
2022-07-22,2024,83.65,12
2022-07-25,2024,83.9,13
2022-07-26,2024,83.9,13
2022-07-27,2024,83.9,12
2022-07-28,2024,83.9,13
2022-07-29,2024,84.0185,10
2022-08-01,2024,83.937,9
2022-08-02,2024,83.937,9
2022-08-03,2024,84.05,10
2022-08-04,2024,83.9685,10
2022-08-05,2024,83.95,8
2022-08-08,2024,83.9,9
2022-08-09,2024,83.45,8
2022-08-10,2024,83.0,7
2022-08-11,2024,83.9,9
2022-08-12,2024,84.0,9
2022-08-15,2024,83.95,10
2022-08-16,2024,83.65,10
2022-08-17,2024,83.9,11
2022-08-18,2024,83.9,11
2022-08-19,2024,83.4,11
2022-08-22,2024,83.65,12
2022-08-23,2024,83.9,11
2022-08-24,2024,83.45,12
2022-08-25,2024,83.45,10
2022-08-26,2024,83.9,7
2022-08-29,2024,83.45,8
2022-08-30,2024,83.45,8
2022-08-31,2024,83.9,9
2022-09-01,2024,83.45,8
2022-09-02,2024,83.9,7
2022-09-05,2024,82.95,6
2022-09-06,2024,83.9,7
2022-09-08,2024,83.9,7
2022-09-09,2024,82.0,11
2022-09-12,2024,83.45,14
2022-09-13,2024,83.65,14
2022-09-14,2024,83.65,14
2022-09-15,2024,83.65,12
2022-09-16,2024,83.95,14
2022-09-19,2024,83.65,12
2022-09-20,2024,83.45,10
2022-09-21,2024,83.45,10
2022-09-22,2024,83.45,10
2022-09-23,2024,82.9,12
2022-09-26,2024,82.8,11
2022-09-27,2024,82.8,11
2022-09-28,2024,82.8,11
2022-09-29,2024,83.35,12
2022-09-30,2024,83.95,8
2022-10-03,2024,82.2027,9
2022-10-04,2024,82.2027,9
2022-10-05,2024,83.0514,10
2022-10-06,2024,82.2027,9
2022-10-07,2024,83.9,7
2022-10-10,2024,83.95,6
2022-10-11,2024,83.4,7
2022-10-13,2024,83.4,9
2022-10-14,2024,82.7,10
2022-10-17,2024,82.7,10
2022-10-18,2024,83.4,9
2022-10-19,2024,83.9,9
2022-10-20,2024,83.9,9
2022-10-21,2024,83.95,10
2022-10-24,2024,83.35,10
2022-10-25,2024,82.8,9
2022-10-26,2024,82.0,7
2022-10-27,2024,83.7,8
2022-10-28,2024,82.75,10
2022-10-31,2024,83.5,9
2022-11-01,2024,83.5,9
2022-11-03,2024,83.5,9
2022-11-04,2024,80.2,9
2022-11-07,2024,80.4,9
2022-11-08,2024,80.4,9
2022-11-09,2024,80.4,11
2022-11-10,2024,82.95,14
2022-11-11,2024,83.7,13
2022-11-14,2024,82.0,13
2022-11-16,2024,82.0,13
2022-11-17,2024,82.75,12
2022-11-18,2024,82.5,15
2022-11-21,2024,83.55,12
2022-11-22,2024,83.95,12
2022-11-23,2024,83.9,13
2022-11-24,2024,83.9,13
2022-11-25,2024,83.95,10
2022-11-28,2024,83.65,10
2022-11-29,2024,83.35,10
2022-11-30,2024,83.35,8
2022-12-01,2024,83.4,7
2022-12-02,2024,83.7,9
2022-12-05,2024,83.7,9
2022-12-06,2024,83.8,8
2022-12-07,2024,83.8,8
2022-12-08,2024,83.65,10
2022-12-09,2024,83.75,8
2022-12-12,2024,83.9,7
2022-12-13,2024,83.95,8
2022-12-14,2024,83.95,8
2022-12-15,2024,85.0,7
2022-12-16,2024,84.8,12
2022-12-19,2024,84.0,17
2022-12-20,2024,83.4,17
2022-12-21,2024,83.35,18
2022-12-22,2024,83.3,19
2022-12-23,2024,83.35,16
2022-12-26,2024,83.55,14
2022-12-27,2024,83.8,13
2022-12-28,2024,83.6,12
2022-12-29,2024,83.6,10
2022-12-30,2024,84.0,5
2023-01-02,2024,83.95,8
2023-01-03,2024,83.9,7
2023-01-04,2024,82.95,6
2023-01-05,2024,84.7,5
2023-01-06,2024,84.6,7
2023-01-09,2024,84.6,5
2023-01-10,2024,84.65,6
2023-01-11,2024,84.6,7
2023-01-12,2024,84.6,7
2023-01-13,2024,82.65,10
2023-01-16,2024,83.4,11
2023-01-17,2024,81.9,9
2023-01-18,2024,82.2,10
2023-01-19,2024,80.9,13
2023-01-20,2024,81.2,18
2023-01-23,2024,81.4,17
2023-01-24,2024,81.7,20
2023-01-25,2024,82.0,19
2023-01-26,2024,82.15,16
2023-01-27,2024,82.3,12
2023-01-30,2024,82.3,11
2023-01-31,2024,82.0,11
2023-02-01,2024,81.7,12
2023-02-02,2024,81.4,13
2023-02-03,2024,81.0,9
2023-02-06,2024,81.05,12
2023-02-07,2024,80.95,14
2023-02-08,2024,81.1,13
2023-02-09,2024,81.1,13
2023-02-10,2024,80.4,20
2023-02-13,2024,80.75,20
2023-02-14,2024,81.0,17
2023-02-15,2024,80.5,17
2023-02-16,2024,80.3,17
2023-02-17,2024,80.9,19
2023-02-22,2024,80.9,19
2023-02-23,2024,80.85,20
2023-02-24,2024,80.85,22
2023-02-27,2024,80.9,21
2023-02-28,2024,80.3,15
2023-03-01,2024,80.1,13
2023-03-02,2024,80.1,13
2023-03-03,2024,80.4,14
2023-03-06,2024,80.0,15
2023-03-07,2024,80.3,13
2023-03-08,2024,80.4,14
2023-03-09,2024,80.3,13
2023-03-10,2024,80.0,9
2023-03-13,2024,80.3,13
2023-03-14,2024,80.0,13
2023-03-15,2024,80.15,14
2023-03-16,2024,80.3,15
2023-03-17,2024,80.8,25
2023-03-20,2024,80.8,23
2023-03-21,2024,80.8,24
2023-03-22,2024,80.6,22
2023-03-23,2024,80.6,22
2023-03-24,2024,80.4,14
2023-03-27,2024,80.4,14
2023-03-28,2024,80.8,13
2023-03-29,2024,80.8,13
2023-03-30,2024,80.4,12
2023-03-31,2024,79.5,8
2023-04-03,2024,79.5,6
2023-04-04,2024,79.6,8
2023-04-05,2024,80.25,10
2023-04-06,2024,80.4,16
2023-04-10,2024,80.05,16
2023-04-11,2024,80.05,18
2023-04-12,2024,80.0,18
2023-04-13,2024,80.0,17
2023-04-14,2024,80.05,12
2023-04-17,2024,80.0,15
2023-04-18,2024,80.0,13
2023-04-19,2024,80.0,11
2023-04-20,2024,80.3,19
2023-04-24,2024,80.285,22
2023-04-25,2024,80.3,19
2023-04-26,2024,80.3,19
2023-04-27,2024,80.8,21
2023-04-28,2024,80.5,16
2023-05-02,2024,80.5,14
2023-05-03,2024,80.7,15
2023-05-04,2024,80.7,15
2023-05-05,2024,80.0,15
2023-05-08,2024,79.4,11
2023-05-09,2024,80.15,10
2023-05-10,2024,80.15,10
2023-05-11,2024,80.0,11
2023-05-12,2024,80.25,14
2023-05-15,2024,80.3,17
2023-05-16,2024,80.25,16
2023-05-17,2024,80.25,16
2023-05-18,2024,80.36,19
2023-05-19,2024,80.45,22
2023-05-22,2024,80.3,21
2023-05-23,2024,80.15,20
2023-05-24,2024,80.0,21
2023-05-25,2024,79.9,17
2023-05-26,2024,79.7,10
2023-05-29,2024,80.0,11
2023-05-30,2024,80.0,11
2023-05-31,2024,80.0,11
2023-06-01,2024,80.0,13
2023-06-02,2024,79.0,13
2023-06-05,2024,78.6,15
2023-06-06,2024,78.6,15
2023-06-07,2024,78.8,18
2023-06-09,2024,79.0,21
2023-06-12,2024,79.0,17
2023-06-13,2024,79.0,16
2023-06-14,2024,79.0,17
2023-06-15,2024,79.75,16
2023-06-16,2024,78.76,19
2023-06-19,2024,79.35,22
2023-06-20,2024,79.7,19
2023-06-21,2024,79.35,18
2023-06-22,2024,78.65,16
2023-06-23,2024,80.0,15
2023-06-26,2024,79.0,13
2023-06-27,2024,79.5,14
2023-06-28,2024,79.4,15
2023-06-29,2024,79.2,16
2023-06-30,2024,79.4,13
2023-07-03,2024,80.0,13
2023-07-04,2024,80.0,13
2023-07-05,2024,80.0,15
2023-07-06,2024,80.35,16
2023-07-07,2024,80.0,15
2023-07-10,2024,79.35,14
2023-07-11,2024,79.0,13
2023-07-12,2024,78.45,12
2023-07-13,2024,78.7,10
2023-07-14,2024,78.6,9
2023-07-17,2024,78.8,9
2023-07-18,2024,78.8,9
2023-07-19,2024,79.0,8
2023-07-20,2024,79.0,11
2023-07-21,2024,79.4,19
2023-07-24,2024,79.8,21
2023-07-25,2024,80.6,21
2023-07-26,2024,79.8,21
2023-07-27,2024,80.8,19
2023-07-28,2024,81.2,14
2023-07-31,2024,81.0,15
2023-08-01,2024,81.2,14
2023-08-02,2024,81.2,14
2023-08-03,2024,80.0,15
2023-08-04,2024,80.5,10
2023-08-07,2024,79.0,11
2023-08-08,2024,79.0,11
2023-08-09,2024,79.0,11
2023-08-10,2024,78.9,8
2023-08-11,2024,78.7,11
2023-08-14,2024,78.65,8
2023-08-15,2024,78.7,9
2023-08-16,2024,78.65,12
2023-08-17,2024,78.65,12
2023-08-18,2024,80.2,21
2023-08-21,2024,80.0,25
2023-08-22,2024,79.6,25
2023-08-23,2024,79.8,22
2023-08-24,2024,79.8,22
2023-08-25,2024,78.6,10
2023-08-28,2024,79.0,8
2023-08-29,2024,79.0,8
2023-08-30,2024,79.0,8
2023-08-31,2024,78.9,8
2023-09-01,2024,78.9,8
2023-09-04,2024,78.5,15
2023-09-05,2024,78.55,16
2023-09-06,2024,78.5,17
2023-09-08,2024,78.6,20
2023-09-11,2024,78.6,23
2023-09-12,2024,78.85,16
2023-09-13,2024,78.5,16
2023-09-14,2024,78.85,16
2023-09-15,2024,78.15,22
2023-09-18,2024,77.9316,19
2023-09-19,2024,77.9316,19
2023-09-20,2024,77.9658,18
2023-09-21,2024,78.0,17
2023-09-22,2024,78.0,17
2023-09-25,2024,78.0,18
2023-09-26,2024,78.0,17
2023-09-27,2024,78.0,17
2023-09-28,2024,78.0,16
2023-09-29,2024,78.0,10
2023-10-02,2024,78.8,11
2023-10-03,2024,78.8,11
2023-10-04,2024,78.8,11
2023-10-05,2024,80.2,11
2023-10-06,2024,80.55,12
2023-10-09,2024,80.3,11
2023-10-10,2024,79.9,12
2023-10-11,2024,79.5,13
2023-10-13,2024,79.0,16
2023-10-16,2024,79.0,12
2023-10-17,2024,78.2,11
2023-10-18,2024,78.2,11
2023-10-19,2024,78.2,15
2023-10-20,2024,78.4,23
2023-10-23,2024,78.4,21
2023-10-24,2024,78.6,20
2023-10-25,2024,78.6,22
2023-10-26,2024,78.8,17
2023-10-27,2024,78.36,17
2023-10-30,2024,78.43,20
2023-10-31,2024,78.43,20
2023-11-01,2024,78.43,20
2023-11-03,2024,78.5,23
2023-11-06,2024,78.5,15
2023-11-07,2024,78.695,14
2023-11-08,2024,79.15,16
2023-11-09,2024,79.15,14
2023-11-10,2024,80.515,8
2023-11-13,2024,79.5,13
2023-11-14,2024,79.3,11
2023-11-16,2024,79.0,11
2023-11-17,2024,79.15,22
2023-11-20,2024,79.0,25
2023-11-21,2024,78.7,19
2023-11-22,2024,78.7,19
2023-11-23,2024,79.115,18
2023-11-24,2024,78.4,13
2023-11-27,2024,79.53,11
2023-11-28,2024,79.53,11
2023-11-29,2024,79.53,11
2023-11-30,2024,78.2,13
2023-12-01,2024,78.8,11
2023-12-04,2024,78.4,11
2023-12-05,2024,78.4,11
2023-12-06,2024,78.2,12
2023-12-07,2024,78.4,9
2023-12-08,2024,78.0,20
2023-12-11,2024,78.315,22
2023-12-12,2024,78.63,21
2023-12-13,2024,78.665,20
2023-12-14,2024,78.7,23
2023-12-15,2024,78.84,15
2023-12-18,2024,78.755,14
2023-12-19,2024,78.71,15
2023-12-20,2024,78.71,15
2023-12-21,2024,78.4,13
2023-12-22,2024,78.4,19
2023-12-26,2024,78.2,18
2023-12-27,2024,78.2,17
2023-12-28,2024,78.3,20
2023-12-29,2024,78.2,18
2024-01-02,2024,78.2,6
2024-01-03,2024,78.4,5
2024-01-04,2024,78.2,6
2024-01-05,2024,77.8,10
2024-01-08,2024,77.8,10
2024-01-09,2024,77.8,10
2024-01-10,2024,77.8,11
2024-01-11,2024,78.1,12
2024-01-12,2024,78.0,11
2024-01-15,2024,78.0,10
2024-01-16,2024,77.95,12
2024-01-17,2024,77.95,12
2024-01-18,2024,77.9,11
2024-01-19,2024,77.85,18
2024-01-22,2024,77.8,19
2024-01-23,2024,77.8,19
2024-01-24,2024,77.8,20
2024-01-25,2024,77.8,19
2024-01-26,2024,77.85,16
2024-01-29,2024,78.0,17
2024-01-30,2024,78.0,16
2024-01-31,2024,78.0,15
2024-02-01,2024,78.0,15
2024-02-02,2024,78.0,11
2024-02-05,2024,77.8,9
2024-02-06,2024,77.8,9
2024-02-07,2024,78.0,9
2024-02-08,2024,77.8,9
2024-02-09,2024,78.0,13
2024-02-14,2024,77.95,12
2024-02-15,2024,78.0,12
2024-02-16,2024,77.8,19
2024-02-19,2024,77.8,19
2024-02-20,2024,77.8,17
2024-02-21,2024,77.8,18
2024-02-22,2024,77.8,18
2024-02-23,2024,77.8,12
2024-02-26,2024,77.8,13
2024-02-27,2024,77.8,13
2024-02-28,2024,77.9,13
2024-02-29,2024,77.85,12
2024-03-01,2024,77.9,11
2024-03-04,2024,77.8,13
2024-03-05,2024,77.8,13
2024-03-06,2024,77.8,13
2024-03-07,2024,77.8,14
2024-03-08,2024,77.8,12
2024-03-11,2024,77.995,8
2024-03-12,2024,77.75,8
2024-03-13,2024,77.4,9
2024-03-14,2024,77.4,9
2024-03-15,2024,77.7,21
2024-03-18,2024,77.7,21
2024-03-19,2024,77.7,21
2024-03-20,2024,77.8,19
2024-03-21,2024,77.75,18
2024-03-22,2024,77.7,15
2024-03-25,2024,77.7,15
2024-03-26,2024,77.6,14
2024-03-27,2024,77.7,16
2024-03-28,2024,77.8,19
2024-04-01,2024,78.0,15
2024-04-02,2024,78.0,14
2024-04-03,2024,78.0,14
2024-04-04,2024,78.0,13
2024-04-05,2024,77.8,13
2024-04-08,2024,77.8,9
2024-04-09,2024,77.8,11
2024-04-10,2024,77.8,11
2024-04-11,2024,77.9,14
2024-04-12,2024,77.936,11
2024-04-15,2024,77.868,12
2024-04-16,2024,77.8,15
2024-04-17,2024,77.8,17
2024-04-18,2024,77.8,13
2024-04-19,2024,77.7,23
2024-04-22,2024,77.7,24
2024-04-23,2024,77.55,20
2024-04-24,2024,77.7,19
2024-04-25,2024,77.7,19
2024-04-26,2024,77.6,8
2024-04-29,2024,77.8,7
2024-04-30,2024,77.8,7
2024-05-02,2024,77.55,10
2024-05-03,2024,77.7,21
2024-05-06,2024,77.7,22
2024-05-07,2024,77.7,22
2024-05-08,2024,77.7,22
2024-05-09,2024,77.7,19
2024-05-10,2024,78.0,10
2024-05-13,2024,78.1,9
2024-05-14,2024,78.05,10
2024-05-15,2024,78.05,12
2024-05-16,2024,78.0,13
2024-05-17,2024,77.8,16
2024-05-20,2024,77.8,16
2024-05-21,2024,77.8,18
2024-05-22,2024,77.8,17
2024-05-23,2024,77.45,18
2024-05-24,2024,77.35,22
2024-05-27,2024,77.5,25
2024-05-28,2024,77.5,22
2024-05-29,2024,77.6,22
2024-05-31,2024,77.8,20
2024-06-03,2024,77.95,14
2024-06-04,2024,77.86,10
2024-06-05,2024,78.22,11
2024-06-06,2024,77.9,10
2024-06-07,2024,78.4,9
2024-06-10,2024,78.35,12
2024-06-11,2024,78.4465,14
2024-06-12,2024,78.4,13
2024-06-13,2024,78.4,13
2024-06-14,2024,77.85,22
2024-06-17,2024,77.65,20
2024-06-18,2024,77.6,19
2024-06-19,2024,77.65,18
2024-06-20,2024,77.65,20
2024-06-21,2024,78.0,13
2024-06-24,2024,78.0,15
2024-06-25,2024,77.91,15
2024-06-26,2024,77.955,16
2024-06-27,2024,77.605,14
2024-06-28,2024,78.0,16
2024-07-01,2024,78.4,15
2024-07-02,2024,78.4,14
2024-07-03,2024,78.4,13
2024-07-04,2024,78.4,13
2024-07-05,2024,78.0,11
2024-07-08,2024,77.75,12
2024-07-09,2024,77.75,12
2024-07-10,2024,77.75,12
2024-07-11,2024,77.9,10
2024-07-12,2024,78.0,9
2024-07-15,2024,78.0,11
2024-07-16,2024,78.2,13
2024-07-17,2024,78.2,13
2024-07-18,2024,78.0,15
2024-07-19,2024,77.8,22
2024-07-22,2024,77.85,24
2024-07-23,2024,77.8,23
2024-07-24,2024,77.8,24
2024-07-25,2024,77.85,24
2024-07-26,2024,78.0,18
2024-07-29,2024,78.0,15
2024-07-30,2024,77.8,14
2024-07-31,2024,77.85,14
2024-08-01,2024,77.85,12
2024-08-02,2024,78.2,12
2024-08-05,2024,78.2,12
2024-08-06,2024,78.0,13
2024-08-07,2024,78.5,15
2024-08-08,2024,78.45,14
2024-08-09,2024,78.45,14
2024-08-12,2024,78.4,15
2024-08-13,2024,78.45,14
2024-08-14,2024,78.2,11
2024-08-15,2024,78.2,11
2024-08-16,2024,78.05,10
2024-08-19,2024,77.9,12
2024-08-20,2024,77.9,14
2024-08-21,2024,77.9,16
2024-08-22,2024,77.9,18
2024-08-23,2024,77.95,22
2024-08-26,2024,77.9,19
2024-08-27,2024,78.05,18
2024-08-28,2024,78.1,18
2024-08-29,2024,78.0,17
2024-08-30,2024,78.3,13
2024-09-02,2024,78.5,15
2024-09-03,2024,78.5,15
2024-09-04,2024,78.25,14
2024-09-05,2024,78.25,14
2024-09-06,2024,78.2,10
2024-09-09,2024,78.0,10
2024-09-10,2024,78.0,11
2024-09-11,2024,78.0,11
2024-09-12,2024,78.35,14
2024-09-13,2024,78.45,24
2024-09-16,2024,78.5,23
2024-09-17,2024,78.45,24
2024-09-18,2024,78.45,26
2024-09-19,2024,78.4,23
2024-09-20,2024,78.0,19
2024-09-23,2024,78.0,19
2024-09-24,2024,78.1,17
2024-09-25,2024,78.05,16
2024-09-26,2024,78.0,18
2024-09-27,2024,78.0,15
2024-09-30,2024,78.0,17
2024-10-01,2024,78.0,17
2024-10-02,2024,78.2,16
2024-10-03,2024,78.4546,14
2024-10-04,2024,78.5,13
2024-10-07,2024,78.45,12
2024-10-08,2024,78.45,12
2024-10-09,2024,78.45,12
2024-10-10,2024,78.34,12
2024-10-11,2024,78.0,9
2024-10-14,2024,78.0,11
2024-10-15,2024,78.0,12
2024-10-16,2024,78.0,15
2024-10-17,2024,78.05,14
2024-10-18,2024,78.4,26
2024-10-21,2024,78.1,23
2024-10-22,2024,78.1,23
2024-10-23,2024,78.25,20
2024-10-24,2024,78.4,21
2024-10-25,2024,78.2,10
2024-10-28,2024,78.45,10
2024-10-29,2024,78.5,9
2024-10-30,2024,78.4673,10
2024-10-31,2024,78.0,11
2024-11-01,2024,78.0,23
2024-11-04,2024,78.0,23
2024-11-05,2024,78.0,23
2024-11-06,2024,78.2,22
2024-11-07,2024,78.4,19
2024-11-08,2024,78.4,11
2024-11-11,2024,78.2,14
2024-11-12,2024,78.1,15
2024-11-13,2024,78.1,15
2024-11-14,2024,78.2,14
2024-11-18,2024,78.3,9
2024-11-19,2024,78.29,8
2024-11-21,2024,78.35,8
2024-11-22,2024,78.4,25
2024-11-25,2024,78.3,25
2024-11-26,2024,78.35,26
2024-11-27,2024,78.4,25
2024-11-28,2024,78.3,25
2024-11-29,2024,78.2,11
2024-12-02,2024,78.4,12
2024-12-03,2024,78.2,11
2024-12-04,2024,78.6,11
2024-12-05,2024,78.6,13
2024-12-06,2024,78.5,22
2024-12-09,2024,78.5,22
2024-12-10,2024,78.5,22
2024-12-11,2024,78.5,21
2024-12-12,2024,78.3,21
2024-12-13,2024,78.35,12
2024-12-16,2024,78.6,13
2024-12-17,2024,78.8,16
2024-12-18,2024,78.6,17
2024-12-19,2024,78.6,16
2024-12-20,2024,78.5,23
2024-12-23,2024,78.45,22
2024-12-24,2024,78.4,19
2024-12-26,2024,78.25,20
2024-12-27,2024,78.5,21
2024-12-30,2024,78.22,8
2024-12-31,2024,78.27,6
2025-01-02,2024,78.27,6
2025-01-03,2024,78.4,8
2025-01-06,2024,78.15,10
2025-01-07,2024,78.0,11
2025-01-08,2024,78.0,11
2025-01-09,2024,78.0,11
2025-01-10,2024,78.0,13
2025-01-13,2024,78.4,13
2025-01-14,2024,78.5,13
2025-01-15,2024,78.5,13
2025-01-16,2024,78.45,14
2025-01-17,2024,78.5,15
2025-01-20,2024,78.4,15
2025-01-21,2024,78.1,17
2025-01-22,2024,78.1,21
2025-01-23,2024,78.0,23
2025-01-24,2024,77.7,43
2025-01-27,2024,77.7,41
2025-01-28,2024,77.6,39
2025-01-29,2024,77.55,36
2025-01-30,2024,77.6,33
