survey_date;selic_year_ref;selic_focus_pct;reuniao;selic_focus_nresp;ref_yyyymm;ipca_focus_med_mensal_pct
2019-01-02;2019;7,0;R8/2019;100;201901;7,0
2019-01-03;2019;7,0;R8/2019;100;201901;7,0
2019-01-04;2019;7,0;R8/2019;99;201901;7,0
2019-01-07;2019;7,0;R8/2019;93;201901;7,0
2019-01-08;2019;7,0;R8/2019;93;201901;7,0
2019-01-09;2019;7,0;R8/2019;93;201901;7,0
2019-01-10;2019;7,0;R8/2019;94;201901;7,0
2019-01-11;2019;7,0;R8/2019;96;201901;7,0
2019-01-14;2019;7,0;R8/2019;97;201901;7,0
2019-01-15;2019;7,0;R8/2019;99;201901;7,0
2019-01-16;2019;7,0;R8/2019;99;201901;7,0
2019-01-17;2019;7,0;R8/2019;95;201901;7,0
2019-01-18;2019;7,0;R8/2019;100;201901;7,0
2019-01-21;2019;7,0;R8/2019;93;201901;7,0
2019-01-22;2019;7,0;R8/2019;93;201901;7,0
2019-01-23;2019;7,0;R8/2019;93;201901;7,0
2019-01-24;2019;7,0;R8/2019;93;201901;7,0
2019-01-25;2019;7,0;R8/2019;93;201901;7,0
2019-01-28;2019;6,75;R8/2019;89;201901;6,75
2019-01-29;2019;6,75;R8/2019;93;201901;6,75
2019-01-30;2019;6,75;R8/2019;95;201901;6,75
2019-01-31;2019;6,5;R8/2019;99;201901;6,5
2019-02-01;2019;6,5;R8/2019;105;201902;6,5
2019-02-04;2019;6,5;R8/2019;105;201902;6,5
2019-02-05;2019;6,5;R8/2019;105;201902;6,5
2019-02-06;2019;6,5;R8/2019;105;201902;6,5
2019-02-07;2019;6,5;R8/2019;105;201902;6,5
2019-02-08;2019;6,5;R8/2019;104;201902;6,5
2019-02-11;2019;6,5;R8/2019;104;201902;6,5
2019-02-12;2019;6,5;R8/2019;104;201902;6,5
2019-02-13;2019;6,5;R8/2019;104;201902;6,5
2019-02-14;2019;6,5;R8/2019;103;201902;6,5
2019-02-15;2019;6,5;R8/2019;104;201902;6,5
2019-02-18;2019;6,5;R8/2019;101;201902;6,5
2019-02-19;2019;6,5;R8/2019;101;201902;6,5
2019-02-20;2019;6,5;R8/2019;102;201902;6,5
2019-02-21;2019;6,5;R8/2019;102;201902;6,5
2019-02-22;2019;6,5;R8/2019;104;201902;6,5
2019-02-25;2019;6,5;R8/2019;103;201902;6,5
2019-02-26;2019;6,5;R8/2019;103;201902;6,5
2019-02-27;2019;6,5;R8/2019;103;201902;6,5
2019-02-28;2019;6,5;R8/2019;102;201902;6,5
2019-03-01;2019;6,5;R8/2019;101;201903;6,5
2019-03-06;2019;6,5;R8/2019;94;201903;6,5
2019-03-07;2019;6,5;R8/2019;97;201903;6,5
2019-03-08;2019;6,5;R8/2019;98;201903;6,5
2019-03-11;2019;6,5;R8/2019;100;201903;6,5
2019-03-12;2019;6,5;R8/2019;100;201903;6,5
2019-03-13;2019;6,5;R8/2019;100;201903;6,5
2019-03-14;2019;6,5;R8/2019;98;201903;6,5
2019-03-15;2019;6,5;R8/2019;102;201903;6,5
2019-03-18;2019;6,5;R8/2019;100;201903;6,5
2019-03-19;2019;6,5;R8/2019;100;201903;6,5
2019-03-20;2019;6,5;R8/2019;101;201903;6,5
2019-03-21;2019;6,5;R8/2019;101;201903;6,5
2019-03-22;2019;6,5;R8/2019;101;201903;6,5
2019-03-25;2019;6,5;R8/2019;100;201903;6,5
2019-03-26;2019;6,5;R8/2019;102;201903;6,5
2019-03-27;2019;6,5;R8/2019;103;201903;6,5
2019-03-28;2019;6,5;R8/2019;104;201903;6,5
2019-03-29;2019;6,5;R8/2019;105;201903;6,5
2019-04-01;2019;6,5;R8/2019;105;201904;6,5
2019-04-02;2019;6,5;R8/2019;105;201904;6,5
2019-04-03;2019;6,5;R8/2019;105;201904;6,5
2019-04-04;2019;6,5;R8/2019;105;201904;6,5
2019-04-05;2019;6,5;R8/2019;106;201904;6,5
2019-04-08;2019;6,5;R8/2019;105;201904;6,5
2019-04-09;2019;6,5;R8/2019;106;201904;6,5
2019-04-10;2019;6,5;R8/2019;107;201904;6,5
2019-04-11;2019;6,5;R8/2019;107;201904;6,5
2019-04-12;2019;6,5;R8/2019;106;201904;6,5
2019-04-15;2019;6,5;R8/2019;97;201904;6,5
2019-04-16;2019;6,5;R8/2019;101;201904;6,5
2019-04-17;2019;6,5;R8/2019;101;201904;6,5
2019-04-18;2019;6,5;R8/2019;104;201904;6,5
2019-04-22;2019;6,5;R8/2019;106;201904;6,5
2019-04-23;2019;6,5;R8/2019;108;201904;6,5
2019-04-24;2019;6,5;R8/2019;108;201904;6,5
2019-04-25;2019;6,5;R8/2019;109;201904;6,5
2019-04-26;2019;6,5;R8/2019;108;201904;6,5
2019-04-29;2019;6,5;R8/2019;103;201904;6,5
2019-04-30;2019;6,5;R8/2019;106;201904;6,5
2019-05-02;2019;6,5;R8/2019;108;201905;6,5
2019-05-03;2019;6,5;R8/2019;111;201905;6,5
2019-05-06;2019;6,5;R8/2019;111;201905;6,5
2019-05-07;2019;6,5;R8/2019;112;201905;6,5
2019-05-08;2019;6,5;R8/2019;113;201905;6,5
2019-05-09;2019;6,5;R8/2019;113;201905;6,5
2019-05-10;2019;6,5;R8/2019;113;201905;6,5
2019-05-13;2019;6,5;R8/2019;114;201905;6,5
2019-05-14;2019;6,5;R8/2019;115;201905;6,5
2019-05-15;2019;6,5;R8/2019;115;201905;6,5
2019-05-16;2019;6,5;R8/2019;115;201905;6,5
2019-05-17;2019;6,5;R8/2019;115;201905;6,5
2019-05-20;2019;6,5;R8/2019;115;201905;6,5
2019-05-21;2019;6,5;R8/2019;116;201905;6,5
2019-05-22;2019;6,5;R8/2019;116;201905;6,5
2019-05-23;2019;6,5;R8/2019;115;201905;6,5
2019-05-24;2019;6,5;R8/2019;115;201905;6,5
2019-05-27;2019;6,5;R8/2019;115;201905;6,5
2019-05-28;2019;6,5;R8/2019;115;201905;6,5
2019-05-29;2019;6,5;R8/2019;116;201905;6,5
2019-05-30;2019;6,5;R8/2019;115;201905;6,5
2019-05-31;2019;6,5;R8/2019;114;201905;6,5
2019-06-03;2019;6,5;R8/2019;106;201906;6,5
2019-06-04;2019;6,5;R8/2019;108;201906;6,5
2019-06-05;2019;6,5;R8/2019;110;201906;6,5
2019-06-06;2019;6,5;R8/2019;107;201906;6,5
2019-06-07;2019;6,5;R8/2019;109;201906;6,5
2019-06-10;2019;6,5;R8/2019;108;201906;6,5
2019-06-11;2019;6,5;R8/2019;109;201906;6,5
2019-06-12;2019;6,25;R8/2019;109;201906;6,25
2019-06-13;2019;6,0;R8/2019;110;201906;6,0
2019-06-14;2019;5,75;R8/2019;114;201906;5,75
2019-06-17;2019;5,75;R8/2019;112;201906;5,75
2019-06-18;2019;5,75;R8/2019;113;201906;5,75
2019-06-19;2019;5,75;R8/2019;114;201906;5,75
2019-06-21;2019;5,75;R8/2019;113;201906;5,75
2019-06-24;2019;5,75;R8/2019;114;201906;5,75
2019-06-25;2019;5,75;R8/2019;115;201906;5,75
2019-06-26;2019;5,75;R8/2019;115;201906;5,75
2019-06-27;2019;5,75;R8/2019;115;201906;5,75
2019-06-28;2019;5,5;R8/2019;114;201906;5,5
2019-07-01;2019;5,5;R8/2019;114;201907;5,5
2019-07-02;2019;5,5;R8/2019;114;201907;5,5
2019-07-03;2019;5,5;R8/2019;114;201907;5,5
2019-07-04;2019;5,5;R8/2019;114;201907;5,5
2019-07-05;2019;5,5;R8/2019;114;201907;5,5
2019-07-08;2019;5,5;R8/2019;113;201907;5,5
2019-07-09;2019;5,5;R8/2019;113;201907;5,5
2019-07-10;2019;5,5;R8/2019;114;201907;5,5
2019-07-11;2019;5,5;R8/2019;113;201907;5,5
2019-07-12;2019;5,5;R8/2019;113;201907;5,5
2019-07-15;2019;5,5;R8/2019;105;201907;5,5
2019-07-16;2019;5,5;R8/2019;106;201907;5,5
2019-07-17;2019;5,5;R8/2019;107;201907;5,5
2019-07-18;2019;5,5;R8/2019;107;201907;5,5
2019-07-19;2019;5,5;R8/2019;110;201907;5,5
2019-07-22;2019;5,5;R8/2019;108;201907;5,5
2019-07-23;2019;5,5;R8/2019;111;201907;5,5
2019-07-24;2019;5,5;R8/2019;111;201907;5,5
2019-07-25;2019;5,5;R8/2019;109;201907;5,5
2019-07-26;2019;5,5;R8/2019;109;201907;5,5
2019-07-29;2019;5,5;R8/2019;106;201907;5,5
2019-07-30;2019;5,5;R8/2019;109;201907;5,5
2019-07-31;2019;5,5;R8/2019;109;201907;5,5
2019-08-01;2019;5,5;R8/2019;109;201908;5,5
2019-08-02;2019;5,25;R8/2019;110;201908;5,25
2019-08-05;2019;5,25;R8/2019;110;201908;5,25
2019-08-06;2019;5,25;R8/2019;111;201908;5,25
2019-08-07;2019;5,25;R8/2019;111;201908;5,25
2019-08-08;2019;5,25;R8/2019;113;201908;5,25
2019-08-09;2019;5,0;R8/2019;113;201908;5,0
2019-08-12;2019;5,0;R8/2019;110;201908;5,0
2019-08-13;2019;5,0;R8/2019;110;201908;5,0
2019-08-14;2019;5,0;R8/2019;111;201908;5,0
2019-08-15;2019;5,0;R8/2019;111;201908;5,0
2019-08-16;2019;5,0;R8/2019;109;201908;5,0
2019-08-19;2019;5,0;R8/2019;105;201908;5,0
2019-08-20;2019;5,0;R8/2019;107;201908;5,0
2019-08-21;2019;5,0;R8/2019;107;201908;5,0
2019-08-22;2019;5,0;R8/2019;107;201908;5,0
2019-08-23;2019;5,0;R8/2019;106;201908;5,0
2019-08-26;2019;5,0;R8/2019;101;201908;5,0
2019-08-27;2019;5,0;R8/2019;101;201908;5,0
2019-08-28;2019;5,0;R8/2019;101;201908;5,0
2019-08-29;2019;5,0;R8/2019;99;201908;5,0
2019-08-30;2019;5,0;R8/2019;98;201908;5,0
2019-09-02;2019;5,0;R8/2019;97;201909;5,0
2019-09-03;2019;5,0;R8/2019;97;201909;5,0
2019-09-04;2019;5,0;R8/2019;97;201909;5,0
2019-09-05;2019;5,0;R8/2019;96;201909;5,0
2019-09-06;2019;5,0;R8/2019;99;201909;5,0
2019-09-09;2019;5,0;R8/2019;95;201909;5,0
2019-09-10;2019;5,0;R8/2019;98;201909;5,0
2019-09-11;2019;5,0;R8/2019;98;201909;5,0
2019-09-12;2019;5,0;R8/2019;97;201909;5,0
2019-09-13;2019;5,0;R8/2019;107;201909;5,0
2019-09-16;2019;5,0;R8/2019;108;201909;5,0
2019-09-17;2019;5,0;R8/2019;109;201909;5,0
2019-09-18;2019;5,0;R8/2019;109;201909;5,0
2019-09-19;2019;5,0;R8/2019;110;201909;5,0
2019-09-20;2019;5,0;R8/2019;112;201909;5,0
2019-09-23;2019;5,0;R8/2019;110;201909;5,0
2019-09-24;2019;4,88;R8/2019;112;201909;4,88
2019-09-25;2019;4,75;R8/2019;112;201909;4,75
2019-09-26;2019;4,75;R8/2019;112;201909;4,75
2019-09-27;2019;4,75;R8/2019;111;201909;4,75
2019-09-30;2019;4,75;R8/2019;111;201909;4,75
2019-10-01;2019;4,75;R8/2019;111;201910;4,75
2019-10-02;2019;4,75;R8/2019;111;201910;4,75
2019-10-03;2019;4,75;R8/2019;112;201910;4,75
2019-10-04;2019;4,75;R8/2019;112;201910;4,75
2019-10-07;2019;4,75;R8/2019;107;201910;4,75
2019-10-08;2019;4,75;R8/2019;109;201910;4,75
2019-10-09;2019;4,75;R8/2019;111;201910;4,75
2019-10-10;2019;4,75;R8/2019;111;201910;4,75
2019-10-11;2019;4,75;R8/2019;111;201910;4,75
2019-10-14;2019;4,5;R8/2019;106;201910;4,5
2019-10-15;2019;4,5;R8/2019;107;201910;4,5
2019-10-16;2019;4,5;R8/2019;107;201910;4,5
2019-10-17;2019;4,5;R8/2019;106;201910;4,5
2019-10-18;2019;4,5;R8/2019;108;201910;4,5
2019-10-21;2019;4,5;R8/2019;107;201910;4,5
2019-10-22;2019;4,5;R8/2019;109;201910;4,5
2019-10-23;2019;4,5;R8/2019;110;201910;4,5
2019-10-24;2019;4,5;R8/2019;111;201910;4,5
2019-10-25;2019;4,5;R8/2019;113;201910;4,5
2019-10-28;2019;4,5;R8/2019;112;201910;4,5
2019-10-29;2019;4,5;R8/2019;112;201910;4,5
2019-10-30;2019;4,5;R8/2019;112;201910;4,5
2019-10-31;2019;4,5;R8/2019;111;201910;4,5
2019-11-01;2019;4,5;R8/2019;113;201911;4,5
2019-11-04;2019;4,5;R8/2019;113;201911;4,5
2019-11-05;2019;4,5;R8/2019;113;201911;4,5
2019-11-06;2019;4,5;R8/2019;115;201911;4,5
2019-11-07;2019;4,5;R8/2019;115;201911;4,5
2019-11-08;2019;4,5;R8/2019;115;201911;4,5
2019-11-11;2019;4,5;R8/2019;113;201911;4,5
2019-11-12;2019;4,5;R8/2019;114;201911;4,5
2019-11-13;2019;4,5;R8/2019;114;201911;4,5
2019-11-14;2019;4,5;R8/2019;115;201911;4,5
2019-11-18;2019;4,5;R8/2019;112;201911;4,5
2019-11-19;2019;4,5;R8/2019;113;201911;4,5
2019-11-20;2019;4,5;R8/2019;115;201911;4,5
2019-11-21;2019;4,5;R8/2019;114;201911;4,5
2019-11-22;2019;4,5;R8/2019;114;201911;4,5
2019-11-25;2019;4,5;R8/2019;109;201911;4,5
2019-11-26;2019;4,5;R8/2019;109;201911;4,5
2019-11-27;2019;4,5;R8/2019;109;201911;4,5
2019-11-28;2019;4,5;R8/2019;110;201911;4,5
2019-11-29;2019;4,5;R8/2019;110;201911;4,5
2019-12-02;2019;4,5;R8/2019;107;201912;4,5
2019-12-03;2019;4,5;R8/2019;108;201912;4,5
2019-12-04;2019;4,5;R8/2019;109;201912;4,5
2019-12-05;2019;4,5;R8/2019;108;201912;4,5
2019-12-06;2019;4,5;R8/2019;108;201912;4,5
2019-12-09;2019;4,5;R8/2019;104;201912;4,5
2019-12-10;2019;4,5;R8/2019;104;201912;4,5
2019-12-11;2019;4,5;R8/2019;104;201912;4,5
2020-01-02;2020;4,5;R8/2020;109;202001;4,5
2020-01-03;2020;4,5;R8/2020;108;202001;4,5
2020-01-06;2020;4,5;R8/2020;98;202001;4,5
2020-01-07;2020;4,5;R8/2020;101;202001;4,5
2020-01-08;2020;4,5;R8/2020;101;202001;4,5
2020-01-09;2020;4,5;R8/2020;101;202001;4,5
2020-01-10;2020;4,5;R8/2020;104;202001;4,5
2020-01-13;2020;4,5;R8/2020;103;202001;4,5
2020-01-14;2020;4,5;R8/2020;105;202001;4,5
2020-01-15;2020;4,5;R8/2020;106;202001;4,5
2020-01-16;2020;4,5;R8/2020;103;202001;4,5
2020-01-17;2020;4,5;R8/2020;104;202001;4,5
2020-01-20;2020;4,5;R8/2020;95;202001;4,5
2020-01-21;2020;4,5;R8/2020;96;202001;4,5
2020-01-22;2020;4,5;R8/2020;97;202001;4,5
2020-01-23;2020;4,25;R8/2020;94;202001;4,25
2020-01-24;2020;4,25;R8/2020;102;202001;4,25
2020-01-27;2020;4,25;R8/2020;103;202001;4,25
2020-01-28;2020;4,25;R8/2020;104;202001;4,25
2020-01-29;2020;4,25;R8/2020;104;202001;4,25
2020-01-30;2020;4,25;R8/2020;103;202001;4,25
2020-01-31;2020;4,25;R8/2020;107;202001;4,25
2020-02-03;2020;4,25;R8/2020;108;202002;4,25
2020-02-04;2020;4,25;R8/2020;109;202002;4,25
2020-02-05;2020;4,25;R8/2020;110;202002;4,25
2020-02-06;2020;4,25;R8/2020;109;202002;4,25
2020-02-07;2020;4,25;R8/2020;110;202002;4,25
2020-02-10;2020;4,25;R8/2020;108;202002;4,25
2020-02-11;2020;4,25;R8/2020;110;202002;4,25
2020-02-12;2020;4,25;R8/2020;110;202002;4,25
2020-02-13;2020;4,25;R8/2020;109;202002;4,25
2020-02-14;2020;4,25;R8/2020;110;202002;4,25
2020-02-17;2020;4,25;R8/2020;113;202002;4,25
2020-02-18;2020;4,25;R8/2020;113;202002;4,25
2020-02-19;2020;4,25;R8/2020;113;202002;4,25
2020-02-20;2020;4,25;R8/2020;113;202002;4,25
2020-02-21;2020;4,25;R8/2020;114;202002;4,25
2020-02-26;2020;4,25;R8/2020;109;202002;4,25
2020-02-27;2020;4,25;R8/2020;110;202002;4,25
2020-02-28;2020;4,25;R8/2020;112;202002;4,25
2020-03-02;2020;4,25;R8/2020;110;202003;4,25
2020-03-03;2020;4,25;R8/2020;110;202003;4,25
2020-03-04;2020;4,25;R8/2020;112;202003;4,25
2020-03-05;2020;4,25;R8/2020;110;202003;4,25
2020-03-06;2020;4,25;R8/2020;112;202003;4,25
2020-03-09;2020;4,25;R8/2020;108;202003;4,25
2020-03-10;2020;4,25;R8/2020;109;202003;4,25
2020-03-11;2020;4,0;R8/2020;112;202003;4,0
2020-03-12;2020;4,0;R8/2020;111;202003;4,0
2020-03-13;2020;3,75;R8/2020;117;202003;3,75
2020-03-16;2020;3,75;R8/2020;117;202003;3,75
2020-03-17;2020;3,75;R8/2020;117;202003;3,75
2020-03-18;2020;3,75;R8/2020;117;202003;3,75
2020-03-19;2020;3,75;R8/2020;114;202003;3,75
2020-03-20;2020;3,75;R8/2020;115;202003;3,75
2020-03-23;2020;3,5;R8/2020;112;202003;3,5
2020-03-24;2020;3,5;R8/2020;112;202003;3,5
2020-03-25;2020;3,5;R8/2020;113;202003;3,5
2020-03-26;2020;3,5;R8/2020;113;202003;3,5
2020-03-27;2020;3,5;R8/2020;113;202003;3,5
2020-03-30;2020;3,25;R8/2020;111;202003;3,25
2020-03-31;2020;3,25;R8/2020;111;202003;3,25
2020-04-01;2020;3,25;R8/2020;111;202004;3,25
2020-04-02;2020;3,25;R8/2020;110;202004;3,25
2020-04-03;2020;3,25;R8/2020;110;202004;3,25
2020-04-06;2020;3,25;R8/2020;107;202004;3,25
2020-04-07;2020;3,25;R8/2020;108;202004;3,25
2020-04-08;2020;3,25;R8/2020;109;202004;3,25
2020-04-09;2020;3,25;R8/2020;111;202004;3,25
2020-04-13;2020;3,0;R8/2020;103;202004;3,0
2020-04-14;2020;3,0;R8/2020;106;202004;3,0
2020-04-15;2020;3,0;R8/2020;106;202004;3,0
2020-04-16;2020;3,0;R8/2020;106;202004;3,0
2020-04-17;2020;3,0;R8/2020;108;202004;3,0
2020-04-20;2020;3,0;R8/2020;106;202004;3,0
2020-04-22;2020;3,0;R8/2020;107;202004;3,0
2020-04-23;2020;3,0;R8/2020;107;202004;3,0
2020-04-24;2020;3,0;R8/2020;108;202004;3,0
2020-04-27;2020;3,0;R8/2020;103;202004;3,0
2020-04-28;2020;3,0;R8/2020;104;202004;3,0
2020-04-29;2020;3,0;R8/2020;107;202004;3,0
2020-04-30;2020;2,75;R8/2020;107;202004;2,75
2020-05-04;2020;2,75;R8/2020;104;202005;2,75
2020-05-05;2020;2,75;R8/2020;105;202005;2,75
2020-05-06;2020;2,75;R8/2020;106;202005;2,75
2020-05-07;2020;2,75;R8/2020;106;202005;2,75
2020-05-08;2020;2,5;R8/2020;105;202005;2,5
2020-05-11;2020;2,5;R8/2020;103;202005;2,5
2020-05-12;2020;2,5;R8/2020;104;202005;2,5
2020-05-13;2020;2,5;R8/2020;104;202005;2,5
2020-05-14;2020;2,25;R8/2020;103;202005;2,25
2020-05-15;2020;2,25;R8/2020;102;202005;2,25
2020-05-18;2020;2,25;R8/2020;103;202005;2,25
2020-05-19;2020;2,25;R8/2020;103;202005;2,25
2020-05-20;2020;2,25;R8/2020;103;202005;2,25
2020-05-21;2020;2,25;R8/2020;103;202005;2,25
2020-05-22;2020;2,25;R8/2020;106;202005;2,25
2020-05-25;2020;2,25;R8/2020;107;202005;2,25
2020-05-26;2020;2,25;R8/2020;108;202005;2,25
2020-05-27;2020;2,25;R8/2020;108;202005;2,25
2020-05-28;2020;2,25;R8/2020;108;202005;2,25
2020-05-29;2020;2,25;R8/2020;107;202005;2,25
2020-06-01;2020;2,25;R8/2020;104;202006;2,25
2020-06-02;2020;2,25;R8/2020;104;202006;2,25
2020-06-03;2020;2,25;R8/2020;104;202006;2,25
2020-06-04;2020;2,25;R8/2020;104;202006;2,25
2020-06-05;2020;2,25;R8/2020;104;202006;2,25
2020-06-08;2020;2,25;R8/2020;97;202006;2,25
2020-06-09;2020;2,25;R8/2020;100;202006;2,25
2020-06-10;2020;2,25;R8/2020;103;202006;2,25
2020-06-12;2020;2,25;R8/2020;106;202006;2,25
2020-06-15;2020;2,25;R8/2020;104;202006;2,25
2020-06-16;2020;2,25;R8/2020;104;202006;2,25
2020-06-17;2020;2,25;R8/2020;104;202006;2,25
2020-06-18;2020;2,25;R8/2020;104;202006;2,25
2020-06-19;2020;2,25;R8/2020;106;202006;2,25
2020-06-22;2020;2,25;R8/2020;106;202006;2,25
2020-06-23;2020;2,0;R8/2020;107;202006;2,0
2020-06-24;2020;2,0;R8/2020;108;202006;2,0
2020-06-25;2020;2,0;R8/2020;107;202006;2,0
2020-06-26;2020;2,0;R8/2020;106;202006;2,0
2020-06-29;2020;2,0;R8/2020;105;202006;2,0
2020-06-30;2020;2,0;R8/2020;106;202006;2,0
2020-07-01;2020;2,0;R8/2020;107;202007;2,0
2020-07-02;2020;2,0;R8/2020;107;202007;2,0
2020-07-03;2020;2,0;R8/2020;108;202007;2,0
2020-07-06;2020;2,0;R8/2020;109;202007;2,0
2020-07-07;2020;2,0;R8/2020;110;202007;2,0
2020-07-08;2020;2,0;R8/2020;110;202007;2,0
2020-07-09;2020;2,0;R8/2020;110;202007;2,0
2020-07-10;2020;2,0;R8/2020;108;202007;2,0
2020-07-13;2020;2,0;R8/2020;103;202007;2,0
2020-07-14;2020;2,0;R8/2020;103;202007;2,0
2020-07-15;2020;2,0;R8/2020;104;202007;2,0
2020-07-16;2020;2,0;R8/2020;104;202007;2,0
2020-07-17;2020;2,0;R8/2020;105;202007;2,0
2020-07-20;2020;2,0;R8/2020;104;202007;2,0
2020-07-21;2020;2,0;R8/2020;104;202007;2,0
2020-07-22;2020;2,0;R8/2020;104;202007;2,0
2020-07-23;2020;2,0;R8/2020;104;202007;2,0
2020-07-24;2020;2,0;R8/2020;112;202007;2,0
2020-07-27;2020;2,0;R8/2020;107;202007;2,0
2020-07-28;2020;2,0;R8/2020;107;202007;2,0
2020-07-29;2020;2,0;R8/2020;107;202007;2,0
2020-07-30;2020;2,0;R8/2020;107;202007;2,0
2020-07-31;2020;2,0;R8/2020;112;202007;2,0
2020-08-03;2020;2,0;R8/2020;110;202008;2,0
2020-08-04;2020;2,0;R8/2020;110;202008;2,0
2020-08-05;2020;2,0;R8/2020;110;202008;2,0
2020-08-06;2020;2,0;R8/2020;109;202008;2,0
2020-08-07;2020;2,0;R8/2020;111;202008;2,0
2020-08-10;2020;2,0;R8/2020;109;202008;2,0
2020-08-11;2020;2,0;R8/2020;111;202008;2,0
2020-08-12;2020;2,0;R8/2020;112;202008;2,0
2020-08-13;2020;2,0;R8/2020;110;202008;2,0
2020-08-14;2020;2,0;R8/2020;111;202008;2,0
2020-08-17;2020;2,0;R8/2020;110;202008;2,0
2020-08-18;2020;2,0;R8/2020;111;202008;2,0
2020-08-19;2020;2,0;R8/2020;111;202008;2,0
2020-08-20;2020;2,0;R8/2020;111;202008;2,0
2020-08-21;2020;2,0;R8/2020;111;202008;2,0
2020-08-24;2020;2,0;R8/2020;105;202008;2,0
2020-08-25;2020;2,0;R8/2020;105;202008;2,0
2020-08-26;2020;2,0;R8/2020;106;202008;2,0
2020-08-27;2020;2,0;R8/2020;106;202008;2,0
2020-08-28;2020;2,0;R8/2020;110;202008;2,0
2020-08-31;2020;2,0;R8/2020;107;202008;2,0
2020-09-01;2020;2,0;R8/2020;108;202009;2,0
2020-09-02;2020;2,0;R8/2020;108;202009;2,0
2020-09-03;2020;2,0;R8/2020;106;202009;2,0
2020-09-04;2020;2,0;R8/2020;108;202009;2,0
2020-09-08;2020;2,0;R8/2020;105;202009;2,0
2020-09-09;2020;2,0;R8/2020;107;202009;2,0
2020-09-10;2020;2,0;R8/2020;107;202009;2,0
2020-09-11;2020;2,0;R8/2020;109;202009;2,0
2020-09-14;2020;2,0;R8/2020;105;202009;2,0
2020-09-15;2020;2,0;R8/2020;105;202009;2,0
2020-09-16;2020;2,0;R8/2020;105;202009;2,0
2020-09-17;2020;2,0;R8/2020;106;202009;2,0
2020-09-18;2020;2,0;R8/2020;106;202009;2,0
2020-09-21;2020;2,0;R8/2020;106;202009;2,0
2020-09-22;2020;2,0;R8/2020;106;202009;2,0
2020-09-23;2020;2,0;R8/2020;106;202009;2,0
2020-09-24;2020;2,0;R8/2020;106;202009;2,0
2020-09-25;2020;2,0;R8/2020;107;202009;2,0
2020-09-28;2020;2,0;R8/2020;100;202009;2,0
2020-09-29;2020;2,0;R8/2020;100;202009;2,0
2020-09-30;2020;2,0;R8/2020;100;202009;2,0
2020-10-01;2020;2,0;R8/2020;98;202010;2,0
2020-10-02;2020;2,0;R8/2020;101;202010;2,0
2020-10-05;2020;2,0;R8/2020;98;202010;2,0
2020-10-06;2020;2,0;R8/2020;98;202010;2,0
2020-10-07;2020;2,0;R8/2020;99;202010;2,0
2020-10-08;2020;2,0;R8/2020;99;202010;2,0
2020-10-09;2020;2,0;R8/2020;103;202010;2,0
2020-10-13;2020;2,0;R8/2020;97;202010;2,0
2020-10-14;2020;2,0;R8/2020;99;202010;2,0
2020-10-15;2020;2,0;R8/2020;100;202010;2,0
2020-10-16;2020;2,0;R8/2020;102;202010;2,0
2020-10-19;2020;2,0;R8/2020;102;202010;2,0
2020-10-20;2020;2,0;R8/2020;102;202010;2,0
2020-10-21;2020;2,0;R8/2020;103;202010;2,0
2020-10-22;2020;2,0;R8/2020;105;202010;2,0
2020-10-23;2020;2,0;R8/2020;109;202010;2,0
2020-10-26;2020;2,0;R8/2020;111;202010;2,0
2020-10-27;2020;2,0;R8/2020;111;202010;2,0
2020-10-28;2020;2,0;R8/2020;111;202010;2,0
2020-10-29;2020;2,0;R8/2020;112;202010;2,0
2020-10-30;2020;2,0;R8/2020;111;202010;2,0
2020-11-03;2020;2,0;R8/2020;108;202011;2,0
2020-11-04;2020;2,0;R8/2020;108;202011;2,0
2020-11-05;2020;2,0;R8/2020;107;202011;2,0
2020-11-06;2020;2,0;R8/2020;109;202011;2,0
2020-11-09;2020;2,0;R8/2020;106;202011;2,0
2020-11-10;2020;2,0;R8/2020;106;202011;2,0
2020-11-11;2020;2,0;R8/2020;106;202011;2,0
2020-11-12;2020;2,0;R8/2020;106;202011;2,0
2020-11-13;2020;2,0;R8/2020;106;202011;2,0
2020-11-16;2020;2,0;R8/2020;103;202011;2,0
2020-11-17;2020;2,0;R8/2020;104;202011;2,0
2020-11-18;2020;2,0;R8/2020;104;202011;2,0
2020-11-19;2020;2,0;R8/2020;102;202011;2,0
2020-11-20;2020;2,0;R8/2020;106;202011;2,0
2020-11-23;2020;2,0;R8/2020;100;202011;2,0
2020-11-24;2020;2,0;R8/2020;101;202011;2,0
2020-11-25;2020;2,0;R8/2020;102;202011;2,0
2020-11-26;2020;2,0;R8/2020;102;202011;2,0
2020-11-27;2020;2,0;R8/2020;106;202011;2,0
2020-11-30;2020;2,0;R8/2020;106;202011;2,0
2020-12-01;2020;2,0;R8/2020;110;202012;2,0
2020-12-02;2020;2,0;R8/2020;112;202012;2,0
2020-12-03;2020;2,0;R8/2020;112;202012;2,0
2020-12-04;2020;2,0;R8/2020;115;202012;2,0
2020-12-07;2020;2,0;R8/2020;114;202012;2,0
2020-12-08;2020;2,0;R8/2020;115;202012;2,0
2020-12-09;2020;2,0;R8/2020;115;202012;2,0
2021-01-04;2021;3,25;R8/2021;84;202101;3,25
2021-01-05;2021;3,25;R8/2021;87;202101;3,25
2021-01-06;2021;3,25;R8/2021;88;202101;3,25
2021-01-07;2021;3,13;R8/2021;90;202101;3,13
2021-01-08;2021;3,25;R8/2021;89;202101;3,25
2021-01-11;2021;3,0;R8/2021;87;202101;3,0
2021-01-12;2021;3,25;R8/2021;89;202101;3,25
2021-01-13;2021;3,25;R8/2021;94;202101;3,25
2021-01-14;2021;3,25;R8/2021;94;202101;3,25
2021-01-15;2021;3,25;R8/2021;105;202101;3,25
2021-01-18;2021;3,5;R8/2021;105;202101;3,5
2021-01-19;2021;3,5;R8/2021;105;202101;3,5
2021-01-20;2021;3,5;R8/2021;105;202101;3,5
2021-01-21;2021;3,5;R8/2021;103;202101;3,5
2021-01-22;2021;3,5;R8/2021;105;202101;3,5
2021-01-25;2021;3,5;R8/2021;105;202101;3,5
2021-01-26;2021;3,5;R8/2021;107;202101;3,5
2021-01-27;2021;3,5;R8/2021;107;202101;3,5
2021-01-28;2021;3,5;R8/2021;106;202101;3,5
2021-01-29;2021;3,5;R8/2021;107;202101;3,5
2021-02-01;2021;3,5;R8/2021;108;202102;3,5
2021-02-02;2021;3,5;R8/2021;108;202102;3,5
2021-02-03;2021;3,5;R8/2021;111;202102;3,5
2021-02-04;2021;3,5;R8/2021;110;202102;3,5
2021-02-05;2021;3,5;R8/2021;110;202102;3,5
2021-02-08;2021;3,75;R8/2021;110;202102;3,75
2021-02-09;2021;3,75;R8/2021;110;202102;3,75
2021-02-10;2021;3,75;R8/2021;111;202102;3,75
2021-02-11;2021;3,75;R8/2021;111;202102;3,75
2021-02-12;2021;3,75;R8/2021;111;202102;3,75
2021-02-17;2021;4,0;R8/2021;102;202102;4,0
2021-02-18;2021;4,0;R8/2021;100;202102;4,0
2021-02-19;2021;4,0;R8/2021;109;202102;4,0
2021-02-22;2021;4,0;R8/2021;112;202102;4,0
2021-02-23;2021;4,0;R8/2021;114;202102;4,0
2021-02-24;2021;4,0;R8/2021;116;202102;4,0
2021-02-25;2021;4,0;R8/2021;116;202102;4,0
2021-02-26;2021;4,0;R8/2021;116;202102;4,0
2021-03-01;2021;4,0;R8/2021;112;202103;4,0
2021-03-02;2021;4,0;R8/2021;115;202103;4,0
2021-03-03;2021;4,0;R8/2021;115;202103;4,0
2021-03-04;2021;4,0;R8/2021;114;202103;4,0
2021-03-05;2021;4,0;R8/2021;114;202103;4,0
2021-03-08;2021;4,0;R8/2021;116;202103;4,0
2021-03-09;2021;4,0;R8/2021;116;202103;4,0
2021-03-10;2021;4,0;R8/2021;116;202103;4,0
2021-03-11;2021;4,13;R8/2021;116;202103;4,13
2021-03-12;2021;4,5;R8/2021;118;202103;4,5
2021-03-15;2021;4,5;R8/2021;115;202103;4,5
2021-03-16;2021;4,5;R8/2021;116;202103;4,5
2021-03-17;2021;4,5;R8/2021;116;202103;4,5
2021-03-18;2021;4,75;R8/2021;117;202103;4,75
2021-03-19;2021;5,0;R8/2021;120;202103;5,0
2021-03-22;2021;5,0;R8/2021;117;202103;5,0
2021-03-23;2021;5,0;R8/2021;118;202103;5,0
2021-03-24;2021;5,0;R8/2021;118;202103;5,0
2021-03-25;2021;5,0;R8/2021;116;202103;5,0
2021-03-26;2021;5,0;R8/2021;115;202103;5,0
2021-03-29;2021;5,0;R8/2021;114;202103;5,0
2021-03-30;2021;5,0;R8/2021;114;202103;5,0
2021-03-31;2021;5,5;R8/2021;59;202103;5,5
2021-04-01;2021;5,5;R8/2021;58;202104;5,5
2021-04-05;2021;5,5;R8/2021;30;202104;5,5
2021-04-06;2021;5,5;R8/2021;27;202104;5,5
2021-04-07;2021;5,5;R8/2021;25;202104;5,5
2021-04-08;2021;5,5;R8/2021;22;202104;5,5
2021-04-09;2021;5,25;R8/2021;30;202104;5,25
2021-04-12;2021;5,25;R8/2021;32;202104;5,25
2021-04-13;2021;5,125;R8/2021;34;202104;5,125
2021-04-14;2021;5,0;R8/2021;37;202104;5,0
2021-04-15;2021;5,375;R8/2021;38;202104;5,375
2021-04-16;2021;5,5;R8/2021;39;202104;5,5
2021-04-19;2021;5,5;R8/2021;39;202104;5,5
2021-04-20;2021;5,375;R8/2021;38;202104;5,375
2021-04-22;2021;5,5;R8/2021;42;202104;5,5
2021-04-23;2021;5,25;R8/2021;71;202104;5,25
2021-04-26;2021;5,25;R8/2021;73;202104;5,25
2021-04-27;2021;5,25;R8/2021;71;202104;5,25
2021-04-28;2021;5,5;R8/2021;73;202104;5,5
2021-04-29;2021;5,375;R8/2021;70;202104;5,375
2021-04-30;2021;5,5;R8/2021;68;202104;5,5
2021-05-03;2021;5,5;R8/2021;62;202105;5,5
2021-05-04;2021;5,5;R8/2021;61;202105;5,5
2021-05-05;2021;5,5;R8/2021;62;202105;5,5
2021-05-06;2021;5,5;R8/2021;60;202105;5,5
2021-05-07;2021;5,5;R8/2021;38;202105;5,5
2021-05-10;2021;5,5;R8/2021;43;202105;5,5
2021-05-11;2021;5,5;R8/2021;50;202105;5,5
2021-05-12;2021;5,5;R8/2021;52;202105;5,5
2021-05-13;2021;5,5;R8/2021;49;202105;5,5
2021-05-14;2021;5,75;R8/2021;67;202105;5,75
2021-05-17;2021;5,75;R8/2021;69;202105;5,75
2021-05-18;2021;5,75;R8/2021;65;202105;5,75
2021-05-19;2021;5,5;R8/2021;61;202105;5,5
2021-05-20;2021;5,5;R8/2021;60;202105;5,5
2021-05-21;2021;5,5;R8/2021;45;202105;5,5
2021-05-24;2021;5,75;R8/2021;49;202105;5,75
2021-05-25;2021;5,75;R8/2021;53;202105;5,75
2021-05-26;2021;5,75;R8/2021;60;202105;5,75
2021-05-27;2021;5,75;R8/2021;54;202105;5,75
2021-05-28;2021;6,0;R8/2021;43;202105;6,0
2021-05-31;2021;6,0;R8/2021;44;202105;6,0
2021-06-01;2021;6,0;R8/2021;42;202106;6,0
2021-06-02;2021;6,0;R8/2021;44;202106;6,0
2021-06-04;2021;6,0;R8/2021;49;202106;6,0
2021-06-07;2021;6,0;R8/2021;47;202106;6,0
2021-06-08;2021;6,0;R8/2021;44;202106;6,0
2021-06-09;2021;6,0;R8/2021;48;202106;6,0
2021-06-10;2021;6,0;R8/2021;57;202106;6,0
2021-06-11;2021;6,25;R8/2021;84;202106;6,25
2021-06-14;2021;6,375;R8/2021;86;202106;6,375
2021-06-15;2021;6,5;R8/2021;82;202106;6,5
2021-06-16;2021;6,5;R8/2021;81;202106;6,5
2021-06-17;2021;6,5;R8/2021;78;202106;6,5
2021-06-18;2021;6,5;R8/2021;57;202106;6,5
2021-06-21;2021;6,5;R8/2021;56;202106;6,5
2021-06-22;2021;6,5;R8/2021;62;202106;6,5
2021-06-23;2021;6,5;R8/2021;63;202106;6,5
2021-06-24;2021;6,5;R8/2021;58;202106;6,5
2021-06-25;2021;6,75;R8/2021;68;202106;6,75
2021-06-28;2021;6,75;R8/2021;69;202106;6,75
2021-06-29;2021;6,75;R8/2021;64;202106;6,75
2021-06-30;2021;6,75;R8/2021;65;202106;6,75
2021-07-01;2021;6,625;R8/2021;66;202107;6,625
2021-07-02;2021;6,5;R8/2021;41;202107;6,5
2021-07-05;2021;6,5;R8/2021;40;202107;6,5
2021-07-06;2021;6,5;R8/2021;45;202107;6,5
2021-07-07;2021;6,5;R8/2021;42;202107;6,5
2021-07-08;2021;6,75;R8/2021;52;202107;6,75
2021-07-09;2021;6,75;R8/2021;44;202107;6,75
2021-07-12;2021;6,75;R8/2021;44;202107;6,75
2021-07-13;2021;7,0;R8/2021;42;202107;7,0
2021-07-14;2021;7,0;R8/2021;42;202107;7,0
2021-07-15;2021;7,0;R8/2021;27;202107;7,0
2021-07-16;2021;6,75;R8/2021;45;202107;6,75
2021-07-19;2021;6,75;R8/2021;43;202107;6,75
2021-07-20;2021;6,75;R8/2021;42;202107;6,75
2021-07-21;2021;6,75;R8/2021;45;202107;6,75
2021-07-22;2021;6,75;R8/2021;48;202107;6,75
2021-07-23;2021;7,0;R8/2021;72;202107;7,0
2021-07-26;2021;7,0;R8/2021;76;202107;7,0
2021-07-27;2021;7,0;R8/2021;74;202107;7,0
2021-07-28;2021;7,0;R8/2021;73;202107;7,0
2021-07-29;2021;7,0;R8/2021;78;202107;7,0
2021-07-30;2021;7,0;R8/2021;79;202107;7,0
2021-08-02;2021;7,0;R8/2021;78;202108;7,0
2021-08-03;2021;7,125;R8/2021;76;202108;7,125
2021-08-04;2021;7,25;R8/2021;74;202108;7,25
2021-08-05;2021;7,375;R8/2021;72;202108;7,375
2021-08-06;2021;7,5;R8/2021;45;202108;7,5
2021-08-09;2021;7,5;R8/2021;47;202108;7,5
2021-08-10;2021;7,5;R8/2021;57;202108;7,5
2021-08-11;2021;7,5;R8/2021;63;202108;7,5
2021-08-12;2021;7,5;R8/2021;65;202108;7,5
2021-08-13;2021;7,5;R8/2021;73;202108;7,5
2021-08-16;2021;7,5;R8/2021;70;202108;7,5
2021-08-17;2021;7,5;R8/2021;63;202108;7,5
2021-08-18;2021;7,5;R8/2021;62;202108;7,5
2021-08-19;2021;7,5;R8/2021;56;202108;7,5
2021-08-20;2021;7,75;R8/2021;44;202108;7,75
2021-08-23;2021;7,75;R8/2021;51;202108;7,75
2021-08-24;2021;7,75;R8/2021;51;202108;7,75
2021-08-25;2021;7,75;R8/2021;49;202108;7,75
2021-08-26;2021;7,75;R8/2021;50;202108;7,75
2021-08-27;2021;7,75;R8/2021;44;202108;7,75
2021-08-30;2021;7,75;R8/2021;41;202108;7,75
2021-08-31;2021;7,5;R8/2021;39;202108;7,5
2021-09-01;2021;7,5;R8/2021;39;202109;7,5
2021-09-02;2021;7,75;R8/2021;41;202109;7,75
2021-09-03;2021;8,0;R8/2021;47;202109;8,0
2021-09-06;2021;8,0;R8/2021;49;202109;8,0
2021-09-08;2021;8,0;R8/2021;48;202109;8,0
2021-09-09;2021;8,0;R8/2021;58;202109;8,0
2021-09-10;2021;8,0;R8/2021;65;202109;8,0
2021-09-13;2021;8,0;R8/2021;66;202109;8,0
2021-09-14;2021;8,0;R8/2021;71;202109;8,0
2021-09-15;2021;8,0;R8/2021;76;202109;8,0
2021-09-16;2021;8,0;R8/2021;75;202109;8,0
2021-09-17;2021;8,25;R8/2021;98;202109;8,25
2021-09-20;2021;8,25;R8/2021;94;202109;8,25
2021-09-21;2021;8,25;R8/2021;88;202109;8,25
2021-09-22;2021;8,25;R8/2021;86;202109;8,25
2021-09-23;2021;8,25;R8/2021;82;202109;8,25
2021-09-24;2021;8,25;R8/2021;49;202109;8,25
2021-09-27;2021;8,25;R8/2021;50;202109;8,25
2021-09-28;2021;8,25;R8/2021;53;202109;8,25
2021-09-29;2021;8,25;R8/2021;54;202109;8,25
2021-09-30;2021;8,25;R8/2021;56;202109;8,25
2021-10-01;2021;8,25;R8/2021;68;202110;8,25
2021-10-04;2021;8,25;R8/2021;64;202110;8,25
2021-10-05;2021;8,25;R8/2021;63;202110;8,25
2021-10-06;2021;8,25;R8/2021;62;202110;8,25
2021-10-07;2021;8,25;R8/2021;59;202110;8,25
2021-10-08;2021;8,25;R8/2021;38;202110;8,25
2021-10-11;2021;8,25;R8/2021;42;202110;8,25
2021-10-13;2021;8,25;R8/2021;44;202110;8,25
2021-10-14;2021;8,25;R8/2021;44;202110;8,25
2021-10-15;2021;8,25;R8/2021;51;202110;8,25
2021-10-18;2021;8,25;R8/2021;44;202110;8,25
2021-10-19;2021;8,25;R8/2021;42;202110;8,25
2021-10-20;2021;8,25;R8/2021;44;202110;8,25
2021-10-21;2021;8,25;R8/2021;53;202110;8,25
2021-10-22;2021;8,75;R8/2021;97;202110;8,75
2021-10-25;2021;8,75;R8/2021;97;202110;8,75
2021-10-26;2021;8,75;R8/2021;99;202110;8,75
2021-10-27;2021;9,0;R8/2021;101;202110;9,0
2021-10-28;2021;9,25;R8/2021;96;202110;9,25
2021-10-29;2021;9,25;R8/2021;65;202110;9,25
2021-11-01;2021;9,25;R8/2021;61;202111;9,25
2021-11-03;2021;9,25;R8/2021;64;202111;9,25
2021-11-04;2021;9,25;R8/2021;65;202111;9,25
2021-11-05;2021;9,25;R8/2021;86;202111;9,25
2021-11-08;2021;9,25;R8/2021;84;202111;9,25
2021-11-09;2021;9,25;R8/2021;79;202111;9,25
2021-11-10;2021;9,25;R8/2021;80;202111;9,25
2021-11-11;2021;9,25;R8/2021;76;202111;9,25
2021-11-12;2021;9,25;R8/2021;49;202111;9,25
2021-11-16;2021;9,25;R8/2021;53;202111;9,25
2021-11-17;2021;9,25;R8/2021;56;202111;9,25
2021-11-18;2021;9,25;R8/2021;54;202111;9,25
2021-11-19;2021;9,25;R8/2021;81;202111;9,25
2021-11-22;2021;9,25;R8/2021;82;202111;9,25
2021-11-23;2021;9,25;R8/2021;77;202111;9,25
2021-11-24;2021;9,25;R8/2021;74;202111;9,25
2021-11-25;2021;9,25;R8/2021;69;202111;9,25
2021-11-26;2021;9,25;R8/2021;35;202111;9,25
2021-11-29;2021;9,25;R8/2021;43;202111;9,25
2021-11-30;2021;9,25;R8/2021;41;202111;9,25
2021-12-01;2021;9,25;R8/2021;44;202112;9,25
2021-12-02;2021;9,25;R8/2021;47;202112;9,25
2021-12-03;2021;9,25;R8/2021;88;202112;9,25
2021-12-06;2021;9,25;R8/2021;82;202112;9,25
2021-12-07;2021;9,25;R8/2021;88;202112;9,25
2021-12-08;2021;9,25;R8/2021;86;202112;9,25
2022-01-03;2022;11,75;R8/2022;31;202201;11,75
2022-01-04;2022;11,75;R8/2022;36;202201;11,75
2022-01-05;2022;11,75;R8/2022;34;202201;11,75
2022-01-06;2022;11,75;R8/2022;27;202201;11,75
2022-01-07;2022;11,75;R8/2022;50;202201;11,75
2022-01-10;2022;11,75;R8/2022;50;202201;11,75
2022-01-11;2022;11,75;R8/2022;56;202201;11,75
2022-01-12;2022;11,75;R8/2022;57;202201;11,75
2022-01-13;2022;11,75;R8/2022;58;202201;11,75
2022-01-14;2022;11,75;R8/2022;50;202201;11,75
2022-01-17;2022;11,75;R8/2022;49;202201;11,75
2022-01-18;2022;11,625;R8/2022;46;202201;11,625
2022-01-19;2022;11,625;R8/2022;48;202201;11,625
2022-01-20;2022;11,5;R8/2022;52;202201;11,5
2022-01-21;2022;11,75;R8/2022;80;202201;11,75
2022-01-24;2022;11,75;R8/2022;80;202201;11,75
2022-01-25;2022;11,75;R8/2022;74;202201;11,75
2022-01-26;2022;11,75;R8/2022;72;202201;11,75
2022-01-27;2022;11,75;R8/2022;86;202201;11,75
2022-01-28;2022;11,875;R8/2022;94;202201;11,875
2022-01-31;2022;11,875;R8/2022;92;202201;11,875
2022-02-01;2022;12,0;R8/2022;94;202202;12,0
2022-02-02;2022;12,0;R8/2022;95;202202;12,0
2022-02-03;2022;11,75;R8/2022;81;202202;11,75
2022-02-04;2022;11,75;R8/2022;45;202202;11,75
2022-02-07;2022;11,75;R8/2022;51;202202;11,75
2022-02-08;2022;11,75;R8/2022;62;202202;11,75
2022-02-09;2022;12,0;R8/2022;73;202202;12,0
2022-02-10;2022;12,125;R8/2022;72;202202;12,125
2022-02-11;2022;12,25;R8/2022;94;202202;12,25
2022-02-14;2022;12,25;R8/2022;100;202202;12,25
2022-02-15;2022;12,25;R8/2022;91;202202;12,25
2022-02-16;2022;12,25;R8/2022;80;202202;12,25
2022-02-17;2022;12,25;R8/2022;75;202202;12,25
2022-02-18;2022;12,25;R8/2022;66;202202;12,25
2022-02-21;2022;12,25;R8/2022;67;202202;12,25
2022-02-22;2022;12,25;R8/2022;74;202202;12,25
2022-02-23;2022;12,25;R8/2022;74;202202;12,25
2022-02-24;2022;12,25;R8/2022;74;202202;12,25
2022-02-25;2022;12,25;R8/2022;50;202202;12,25
2022-03-02;2022;12,25;R8/2022;46;202203;12,25
2022-03-03;2022;12,25;R8/2022;42;202203;12,25
2022-03-04;2022;12,25;R8/2022;51;202203;12,25
2022-03-07;2022;12,5;R8/2022;47;202203;12,5
2022-03-08;2022;12,625;R8/2022;42;202203;12,625
2022-03-09;2022;12,75;R8/2022;49;202203;12,75
2022-03-10;2022;12,75;R8/2022;53;202203;12,75
2022-03-11;2022;13,0;R8/2022;98;202203;13,0
2022-03-14;2022;13,0;R8/2022;104;202203;13,0
2022-03-15;2022;13,0;R8/2022;100;202203;13,0
2022-03-16;2022;13,0;R8/2022;95;202203;13,0
2022-03-17;2022;13,0;R8/2022;96;202203;13,0
2022-03-18;2022;13,0;R8/2022;78;202203;13,0
2022-03-21;2022;13,0;R8/2022;78;202203;13,0
2022-03-22;2022;13,0;R8/2022;78;202203;13,0
2022-03-23;2022;13,0;R8/2022;81;202203;13,0
2022-03-24;2022;13,25;R8/2022;76;202203;13,25
2022-03-25;2022;13,25;R8/2022;80;202203;13,25
2022-03-28;2022;13,0;R8/2022;85;202203;13,0
2022-03-29;2022;13,0;R8/2022;84;202203;13,0
2022-03-30;2022;13,0;R8/2022;88;202203;13,0
2022-03-31;2022;13,0;R8/2022;79;202203;13,0
2022-04-01;2022;12,75;R8/2022;41;202204;12,75
2022-04-04;2022;12,75;R8/2022;40;202204;12,75
2022-04-05;2022;12,75;R8/2022;42;202204;12,75
2022-04-06;2022;12,75;R8/2022;37;202204;12,75
2022-04-07;2022;12,75;R8/2022;33;202204;12,75
2022-04-08;2022;13,0;R8/2022;32;202204;13,0
2022-04-11;2022;13,0;R8/2022;37;202204;13,0
2022-04-12;2022;13,175;R8/2022;36;202204;13,175
2022-04-13;2022;13,25;R8/2022;37;202204;13,25
2022-04-14;2022;13,25;R8/2022;42;202204;13,25
2022-04-18;2022;13,25;R8/2022;33;202204;13,25
2022-04-19;2022;13,25;R8/2022;35;202204;13,25
2022-04-20;2022;13,25;R8/2022;46;202204;13,25
2022-04-22;2022;13,25;R8/2022;79;202204;13,25
2022-04-25;2022;13,25;R8/2022;84;202204;13,25
2022-04-26;2022;13,25;R8/2022;88;202204;13,25
2022-04-27;2022;13,25;R8/2022;88;202204;13,25
2022-04-28;2022;13,25;R8/2022;80;202204;13,25
2022-04-29;2022;13,25;R8/2022;89;202204;13,25
2022-05-02;2022;13,25;R8/2022;84;202205;13,25
2022-05-03;2022;13,25;R8/2022;81;202205;13,25
2022-05-04;2022;13,25;R8/2022;73;202205;13,25
2022-05-05;2022;13,25;R8/2022;71;202205;13,25
2022-05-06;2022;13,25;R8/2022;40;202205;13,25
2022-05-09;2022;13,25;R8/2022;43;202205;13,25
2022-05-10;2022;13,25;R8/2022;44;202205;13,25
2022-05-11;2022;13,25;R8/2022;51;202205;13,25
2022-05-12;2022;13,25;R8/2022;55;202205;13,25
2022-05-13;2022;13,25;R8/2022;74;202205;13,25
2022-05-16;2022;13,25;R8/2022;73;202205;13,25
2022-05-17;2022;13,25;R8/2022;72;202205;13,25
2022-05-18;2022;13,25;R8/2022;66;202205;13,25
2022-05-19;2022;13,25;R8/2022;60;202205;13,25
2022-05-20;2022;13,25;R8/2022;63;202205;13,25
2022-05-23;2022;13,25;R8/2022;70;202205;13,25
2022-05-24;2022;13,25;R8/2022;74;202205;13,25
2022-05-25;2022;13,25;R8/2022;77;202205;13,25
2022-05-26;2022;13,25;R8/2022;76;202205;13,25
2022-05-27;2022;13,25;R8/2022;41;202205;13,25
2022-05-30;2022;13,25;R8/2022;39;202205;13,25
2022-05-31;2022;13,25;R8/2022;34;202205;13,25
2022-06-01;2022;13,25;R8/2022;32;202206;13,25
2022-06-02;2022;13,25;R8/2022;30;202206;13,25
2022-06-03;2022;13,25;R8/2022;29;202206;13,25
2022-06-06;2022;13,25;R8/2022;32;202206;13,25
2022-06-07;2022;13,25;R8/2022;33;202206;13,25
2022-06-08;2022;13,25;R8/2022;35;202206;13,25
2022-06-09;2022;13,25;R8/2022;41;202206;13,25
2022-06-10;2022;13,25;R8/2022;75;202206;13,25
2022-06-13;2022;13,375;R8/2022;76;202206;13,375
2022-06-14;2022;13,5;R8/2022;76;202206;13,5
2022-06-15;2022;13,5;R8/2022;75;202206;13,5
2022-06-17;2022;13,75;R8/2022;83;202206;13,75
2022-06-20;2022;13,75;R8/2022;68;202206;13,75
2022-06-21;2022;13,75;R8/2022;70;202206;13,75
2022-06-22;2022;13,75;R8/2022;70;202206;13,75
2022-06-23;2022;13,75;R8/2022;70;202206;13,75
2022-06-24;2022;13,75;R8/2022;60;202206;13,75
2022-06-27;2022;13,75;R8/2022;62;202206;13,75
2022-06-28;2022;13,75;R8/2022;60;202206;13,75
2022-06-29;2022;13,75;R8/2022;63;202206;13,75
2022-06-30;2022;13,75;R8/2022;63;202206;13,75
2022-07-01;2022;13,75;R8/2022;38;202207;13,75
2022-07-04;2022;13,75;R8/2022;31;202207;13,75
2022-07-05;2022;13,75;R8/2022;30;202207;13,75
2022-07-06;2022;13,75;R8/2022;36;202207;13,75
2022-07-07;2022;13,75;R8/2022;43;202207;13,75
2022-07-08;2022;13,75;R8/2022;54;202207;13,75
2022-07-11;2022;13,75;R8/2022;62;202207;13,75
2022-07-12;2022;13,75;R8/2022;64;202207;13,75
2022-07-13;2022;13,75;R8/2022;58;202207;13,75
2022-07-14;2022;13,75;R8/2022;51;202207;13,75
2022-07-15;2022;13,75;R8/2022;37;202207;13,75
2022-07-18;2022;13,75;R8/2022;34;202207;13,75
2022-07-19;2022;13,75;R8/2022;36;202207;13,75
2022-07-20;2022;13,75;R8/2022;38;202207;13,75
2022-07-21;2022;13,75;R8/2022;41;202207;13,75
2022-07-22;2022;13,75;R8/2022;84;202207;13,75
2022-07-25;2022;13,75;R8/2022;90;202207;13,75
2022-07-26;2022;13,75;R8/2022;90;202207;13,75
2022-07-27;2022;13,75;R8/2022;91;202207;13,75
2022-07-28;2022;13,75;R8/2022;93;202207;13,75
2022-07-29;2022;14,0;R8/2022;86;202207;14,0
2022-08-01;2022;14,0;R8/2022;79;202208;14,0
2022-08-02;2022;14,0;R8/2022;75;202208;14,0
2022-08-03;2022;14,0;R8/2022;73;202208;14,0
2022-08-04;2022;14,0;R8/2022;73;202208;14,0
2022-08-05;2022;13,7505;R8/2022;42;202208;13,7505
2022-08-08;2022;13,75;R8/2022;47;202208;13,75
2022-08-09;2022;13,75;R8/2022;51;202208;13,75
2022-08-10;2022;13,75;R8/2022;52;202208;13,75
2022-08-11;2022;13,75;R8/2022;56;202208;13,75
2022-08-12;2022;13,75;R8/2022;69;202208;13,75
2022-08-15;2022;13,75;R8/2022;71;202208;13,75
2022-08-16;2022;13,75;R8/2022;69;202208;13,75
2022-08-17;2022;13,75;R8/2022;64;202208;13,75
2022-08-18;2022;13,75;R8/2022;60;202208;13,75
2022-08-19;2022;13,75;R8/2022;75;202208;13,75
2022-08-22;2022;13,75;R8/2022;74;202208;13,75
2022-08-23;2022;13,75;R8/2022;76;202208;13,75
2022-08-24;2022;13,75;R8/2022;77;202208;13,75
2022-08-25;2022;13,75;R8/2022;77;202208;13,75
2022-08-26;2022;13,75;R8/2022;39;202208;13,75
2022-08-29;2022;13,75;R8/2022;41;202208;13,75
2022-08-30;2022;13,75;R8/2022;40;202208;13,75
2022-08-31;2022;13,75;R8/2022;40;202208;13,75
2022-09-01;2022;13,75;R8/2022;41;202209;13,75
2022-09-02;2022;13,75;R8/2022;41;202209;13,75
2022-09-05;2022;13,75;R8/2022;39;202209;13,75
2022-09-06;2022;13,75;R8/2022;39;202209;13,75
2022-09-08;2022;13,75;R8/2022;42;202209;13,75
2022-09-09;2022;13,75;R8/2022;57;202209;13,75
2022-09-12;2022;13,75;R8/2022;56;202209;13,75
2022-09-13;2022;13,75;R8/2022;56;202209;13,75
2022-09-14;2022;13,75;R8/2022;57;202209;13,75
2022-09-15;2022;13,75;R8/2022;60;202209;13,75
2022-09-16;2022;13,75;R8/2022;84;202209;13,75
2022-09-19;2022;13,75;R8/2022;83;202209;13,75
2022-09-20;2022;13,75;R8/2022;82;202209;13,75
2022-09-21;2022;13,75;R8/2022;84;202209;13,75
2022-09-22;2022;13,75;R8/2022;80;202209;13,75
2022-09-23;2022;13,75;R8/2022;70;202209;13,75
2022-09-26;2022;13,75;R8/2022;70;202209;13,75
2022-09-27;2022;13,75;R8/2022;74;202209;13,75
2022-09-28;2022;13,75;R8/2022;74;202209;13,75
2022-09-29;2022;13,75;R8/2022;72;202209;13,75
2022-09-30;2022;13,75;R8/2022;63;202209;13,75
2022-10-03;2022;13,75;R8/2022;61;202210;13,75
2022-10-04;2022;13,75;R8/2022;60;202210;13,75
2022-10-05;2022;13,75;R8/2022;59;202210;13,75
2022-10-06;2022;13,75;R8/2022;59;202210;13,75
2022-10-07;2022;13,75;R8/2022;38;202210;13,75
2022-10-10;2022;13,75;R8/2022;40;202210;13,75
2022-10-11;2022;13,75;R8/2022;44;202210;13,75
2022-10-13;2022;13,75;R8/2022;46;202210;13,75
2022-10-14;2022;13,75;R8/2022;58;202210;13,75
2022-10-17;2022;13,75;R8/2022;56;202210;13,75
2022-10-18;2022;13,75;R8/2022;54;202210;13,75
2022-10-19;2022;13,75;R8/2022;55;202210;13,75
2022-10-20;2022;13,75;R8/2022;58;202210;13,75
2022-10-21;2022;13,75;R8/2022;81;202210;13,75
2022-10-24;2022;13,75;R8/2022;79;202210;13,75
2022-10-25;2022;13,75;R8/2022;77;202210;13,75
2022-10-26;2022;13,75;R8/2022;77;202210;13,75
2022-10-27;2022;13,75;R8/2022;78;202210;13,75
2022-10-28;2022;13,75;R8/2022;52;202210;13,75
2022-10-31;2022;13,75;R8/2022;47;202210;13,75
2022-11-01;2022;13,75;R8/2022;47;202211;13,75
2022-11-03;2022;13,75;R8/2022;50;202211;13,75
2022-11-04;2022;13,75;R8/2022;74;202211;13,75
2022-11-07;2022;13,75;R8/2022;65;202211;13,75
2022-11-08;2022;13,75;R8/2022;65;202211;13,75
2022-11-09;2022;13,75;R8/2022;64;202211;13,75
2022-11-10;2022;13,75;R8/2022;67;202211;13,75
2022-11-11;2022;13,75;R8/2022;50;202211;13,75
2022-11-14;2022;13,75;R8/2022;47;202211;13,75
2022-11-16;2022;13,75;R8/2022;48;202211;13,75
2022-11-17;2022;13,75;R8/2022;53;202211;13,75
2022-11-18;2022;13,75;R8/2022;86;202211;13,75
2022-11-21;2022;13,75;R8/2022;83;202211;13,75
2022-11-22;2022;13,75;R8/2022;83;202211;13,75
2022-11-23;2022;13,75;R8/2022;83;202211;13,75
2022-11-24;2022;13,75;R8/2022;77;202211;13,75
2022-11-25;2022;13,75;R8/2022;37;202211;13,75
2022-11-28;2022;13,75;R8/2022;37;202211;13,75
2022-11-29;2022;13,75;R8/2022;45;202211;13,75
2022-11-30;2022;13,75;R8/2022;45;202211;13,75
2022-12-01;2022;13,75;R8/2022;44;202212;13,75
2022-12-02;2022;13,75;R8/2022;82;202212;13,75
2022-12-05;2022;13,75;R8/2022;77;202212;13,75
2022-12-06;2022;13,75;R8/2022;75;202212;13,75
2022-12-07;2022;13,75;R8/2022;74;202212;13,75
2023-01-02;2023;12,25;R8/2023;31;202301;12,25
2023-01-03;2023;12,25;R8/2023;32;202301;12,25
2023-01-04;2023;12,25;R8/2023;29;202301;12,25
2023-01-05;2023;12,25;R8/2023;26;202301;12,25
2023-01-06;2023;12,375;R8/2023;42;202301;12,375
2023-01-09;2023;12,25;R8/2023;40;202301;12,25
2023-01-10;2023;12,5;R8/2023;43;202301;12,5
2023-01-11;2023;12,5;R8/2023;42;202301;12,5
2023-01-12;2023;12,5;R8/2023;42;202301;12,5
2023-01-13;2023;12,5;R8/2023;34;202301;12,5
2023-01-16;2023;12,5;R8/2023;38;202301;12,5
2023-01-17;2023;12,5;R8/2023;35;202301;12,5
2023-01-18;2023;12,5;R8/2023;35;202301;12,5
2023-01-19;2023;12,375;R8/2023;42;202301;12,375
2023-01-20;2023;12,5;R8/2023;79;202301;12,5
2023-01-23;2023;12,5;R8/2023;82;202301;12,5
2023-01-24;2023;12,5;R8/2023;82;202301;12,5
2023-01-25;2023;12,5;R8/2023;82;202301;12,5
2023-01-26;2023;12,5;R8/2023;76;202301;12,5
2023-01-27;2023;12,5;R8/2023;78;202301;12,5
2023-01-30;2023;12,5;R8/2023;83;202301;12,5
2023-01-31;2023;12,5;R8/2023;83;202301;12,5
2023-02-01;2023;12,5;R8/2023;82;202302;12,5
2023-02-02;2023;12,625;R8/2023;84;202302;12,625
2023-02-03;2023;12,75;R8/2023;52;202302;12,75
2023-02-06;2023;12,75;R8/2023;52;202302;12,75
2023-02-07;2023;12,75;R8/2023;55;202302;12,75
2023-02-08;2023;12,75;R8/2023;54;202302;12,75
2023-02-09;2023;12,75;R8/2023;54;202302;12,75
2023-02-10;2023;12,75;R8/2023;81;202302;12,75
2023-02-13;2023;13,0;R8/2023;77;202302;13,0
2023-02-14;2023;13,0;R8/2023;74;202302;13,0
2023-02-15;2023;13,0;R8/2023;73;202302;13,0
2023-02-16;2023;13,0;R8/2023;68;202302;13,0
2023-02-17;2023;13,0;R8/2023;61;202302;13,0
2023-02-22;2023;13,0;R8/2023;68;202302;13,0
2023-02-23;2023;13,0;R8/2023;69;202302;13,0
2023-02-24;2023;13,0;R8/2023;81;202302;13,0
2023-02-27;2023;13,0;R8/2023;83;202302;13,0
2023-02-28;2023;12,75;R8/2023;56;202302;12,75
2023-03-01;2023;12,75;R8/2023;47;202303;12,75
2023-03-02;2023;12,75;R8/2023;45;202303;12,75
2023-03-03;2023;12,75;R8/2023;44;202303;12,75
2023-03-06;2023;12,75;R8/2023;43;202303;12,75
2023-03-07;2023;12,75;R8/2023;40;202303;12,75
2023-03-08;2023;12,75;R8/2023;40;202303;12,75
2023-03-09;2023;13,0;R8/2023;39;202303;13,0
2023-03-10;2023;12,75;R8/2023;39;202303;12,75
2023-03-13;2023;12,75;R8/2023;50;202303;12,75
2023-03-14;2023;12,75;R8/2023;52;202303;12,75
2023-03-15;2023;12,75;R8/2023;55;202303;12,75
2023-03-16;2023;12,75;R8/2023;54;202303;12,75
2023-03-17;2023;12,75;R8/2023;94;202303;12,75
2023-03-20;2023;12,75;R8/2023;90;202303;12,75
2023-03-21;2023;12,75;R8/2023;91;202303;12,75
2023-03-22;2023;12,625;R8/2023;88;202303;12,625
2023-03-23;2023;12,625;R8/2023;86;202303;12,625
2023-03-24;2023;12,75;R8/2023;77;202303;12,75
2023-03-27;2023;12,75;R8/2023;81;202303;12,75
2023-03-28;2023;12,75;R8/2023;79;202303;12,75
2023-03-29;2023;12,75;R8/2023;81;202303;12,75
2023-03-30;2023;12,75;R8/2023;81;202303;12,75
2023-03-31;2023;12,5;R8/2023;63;202303;12,5
2023-04-03;2023;12,5;R8/2023;62;202304;12,5
2023-04-04;2023;12,5;R8/2023;64;202304;12,5
2023-04-05;2023;12,5;R8/2023;61;202304;12,5
2023-04-06;2023;12,5;R8/2023;70;202304;12,5
2023-04-10;2023;12,5;R8/2023;45;202304;12,5
2023-04-11;2023;12,75;R8/2023;49;202304;12,75
2023-04-12;2023;12,75;R8/2023;50;202304;12,75
2023-04-13;2023;12,75;R8/2023;53;202304;12,75
2023-04-14;2023;12,5;R8/2023;53;202304;12,5
2023-04-17;2023;12,51;R8/2023;53;202304;12,51
2023-04-18;2023;12,5;R8/2023;46;202304;12,5
2023-04-19;2023;12,5;R8/2023;43;202304;12,5
2023-04-20;2023;12,5;R8/2023;84;202304;12,5
2023-04-24;2023;12,5;R8/2023;79;202304;12,5
2023-04-25;2023;12,5;R8/2023;80;202304;12,5
2023-04-26;2023;12,5;R8/2023;79;202304;12,5
2023-04-27;2023;12,5;R8/2023;83;202304;12,5
2023-04-28;2023;12,5;R8/2023;85;202304;12,5
2023-05-02;2023;12,5;R8/2023;87;202305;12,5
2023-05-03;2023;12,5;R8/2023;87;202305;12,5
2023-05-04;2023;12,5;R8/2023;90;202305;12,5
2023-05-05;2023;12,5;R8/2023;95;202305;12,5
2023-05-08;2023;12,5;R8/2023;49;202305;12,5
2023-05-09;2023;12,5;R8/2023;45;202305;12,5
2023-05-10;2023;12,5;R8/2023;47;202305;12,5
2023-05-11;2023;12,5;R8/2023;44;202305;12,5
2023-05-12;2023;12,5;R8/2023;62;202305;12,5
2023-05-15;2023;12,5;R8/2023;74;202305;12,5
2023-05-16;2023;12,5;R8/2023;75;202305;12,5
2023-05-17;2023;12,5;R8/2023;73;202305;12,5
2023-05-18;2023;12,5;R8/2023;79;202305;12,5
2023-05-19;2023;12,5;R8/2023;93;202305;12,5
2023-05-22;2023;12,5;R8/2023;85;202305;12,5
2023-05-23;2023;12,5;R8/2023;83;202305;12,5
2023-05-24;2023;12,5;R8/2023;85;202305;12,5
2023-05-25;2023;12,5;R8/2023;76;202305;12,5
2023-05-26;2023;12,5;R8/2023;43;202305;12,5
2023-05-29;2023;12,5;R8/2023;47;202305;12,5
2023-05-30;2023;12,5;R8/2023;51;202305;12,5
2023-05-31;2023;12,5;R8/2023;51;202305;12,5
2023-06-01;2023;12,5;R8/2023;47;202306;12,5
2023-06-02;2023;12,5;R8/2023;43;202306;12,5
2023-06-05;2023;12,5;R8/2023;46;202306;12,5
2023-06-06;2023;12,5;R8/2023;45;202306;12,5
2023-06-07;2023;12,5;R8/2023;55;202306;12,5
2023-06-09;2023;12,5;R8/2023;65;202306;12,5
2023-06-12;2023;12,5;R8/2023;63;202306;12,5
2023-06-13;2023;12,25;R8/2023;61;202306;12,25
2023-06-14;2023;12,25;R8/2023;62;202306;12,25
2023-06-15;2023;12,25;R8/2023;56;202306;12,25
2023-06-16;2023;12,25;R8/2023;97;202306;12,25
2023-06-19;2023;12,25;R8/2023;102;202306;12,25
2023-06-20;2023;12,25;R8/2023;96;202306;12,25
2023-06-21;2023;12,25;R8/2023;94;202306;12,25
2023-06-22;2023;12,25;R8/2023;92;202306;12,25
2023-06-23;2023;12,25;R8/2023;79;202306;12,25
2023-06-26;2023;12,25;R8/2023;81;202306;12,25
2023-06-27;2023;12,25;R8/2023;83;202306;12,25
2023-06-28;2023;12,25;R8/2023;85;202306;12,25
2023-06-29;2023;12,25;R8/2023;83;202306;12,25
2023-06-30;2023;12,0;R8/2023;90;202306;12,0
2023-07-03;2023;12,0;R8/2023;93;202307;12,0
2023-07-04;2023;12,0;R8/2023;91;202307;12,0
2023-07-05;2023;12,0;R8/2023;92;202307;12,0
2023-07-06;2023;12,0;R8/2023;94;202307;12,0
2023-07-07;2023;12,0;R8/2023;49;202307;12,0
2023-07-10;2023;12,0;R8/2023;44;202307;12,0
2023-07-11;2023;12,0;R8/2023;46;202307;12,0
2023-07-12;2023;12,0;R8/2023;45;202307;12,0
2023-07-13;2023;12,0;R8/2023;41;202307;12,0
2023-07-14;2023;12,0;R8/2023;41;202307;12,0
2023-07-17;2023;12,0;R8/2023;43;202307;12,0
2023-07-18;2023;12,0;R8/2023;37;202307;12,0
2023-07-19;2023;12,0;R8/2023;37;202307;12,0
2023-07-20;2023;12,0;R8/2023;38;202307;12,0
2023-07-21;2023;12,0;R8/2023;82;202307;12,0
2023-07-24;2023;12,0;R8/2023;84;202307;12,0
2023-07-25;2023;12,0;R8/2023;85;202307;12,0
2023-07-26;2023;12,0;R8/2023;89;202307;12,0
2023-07-27;2023;12,0;R8/2023;88;202307;12,0
2023-07-28;2023;12,0;R8/2023;84;202307;12,0
2023-07-31;2023;12,0;R8/2023;89;202307;12,0
2023-08-01;2023;12,0;R8/2023;88;202308;12,0
2023-08-02;2023;12,0;R8/2023;80;202308;12,0
2023-08-03;2023;11,75;R8/2023;89;202308;11,75
2023-08-04;2023;11,75;R8/2023;60;202308;11,75
2023-08-07;2023;11,75;R8/2023;68;202308;11,75
2023-08-08;2023;11,75;R8/2023;69;202308;11,75
2023-08-09;2023;11,75;R8/2023;71;202308;11,75
2023-08-10;2023;11,75;R8/2023;58;202308;11,75
2023-08-11;2023;11,75;R8/2023;83;202308;11,75
2023-08-14;2023;11,75;R8/2023;76;202308;11,75
2023-08-15;2023;11,75;R8/2023;79;202308;11,75
2023-08-16;2023;11,75;R8/2023;81;202308;11,75
2023-08-17;2023;11,75;R8/2023;76;202308;11,75
2023-08-18;2023;11,75;R8/2023;80;202308;11,75
2023-08-21;2023;11,75;R8/2023;85;202308;11,75
2023-08-22;2023;11,75;R8/2023;85;202308;11,75
2023-08-23;2023;11,75;R8/2023;82;202308;11,75
2023-08-24;2023;11,75;R8/2023;79;202308;11,75
2023-08-25;2023;11,75;R8/2023;37;202308;11,75
2023-08-28;2023;11,75;R8/2023;38;202308;11,75
2023-08-29;2023;11,75;R8/2023;37;202308;11,75
2023-08-30;2023;11,75;R8/2023;40;202308;11,75
2023-08-31;2023;11,75;R8/2023;38;202308;11,75
2023-09-01;2023;11,75;R8/2023;36;202309;11,75
2023-09-04;2023;11,75;R8/2023;43;202309;11,75
2023-09-05;2023;11,75;R8/2023;48;202309;11,75
2023-09-06;2023;11,75;R8/2023;49;202309;11,75
2023-09-08;2023;11,75;R8/2023;57;202309;11,75
2023-09-11;2023;11,75;R8/2023;49;202309;11,75
2023-09-12;2023;11,75;R8/2023;46;202309;11,75
2023-09-13;2023;11,75;R8/2023;47;202309;11,75
2023-09-14;2023;11,75;R8/2023;54;202309;11,75
2023-09-15;2023;11,75;R8/2023;104;202309;11,75
2023-09-18;2023;11,75;R8/2023;103;202309;11,75
2023-09-19;2023;11,75;R8/2023;101;202309;11,75
2023-09-20;2023;11,75;R8/2023;95;202309;11,75
2023-09-21;2023;11,75;R8/2023;85;202309;11,75
2023-09-22;2023;11,75;R8/2023;76;202309;11,75
2023-09-25;2023;11,75;R8/2023;81;202309;11,75
2023-09-26;2023;11,75;R8/2023;86;202309;11,75
2023-09-27;2023;11,75;R8/2023;88;202309;11,75
2023-09-28;2023;11,75;R8/2023;83;202309;11,75
2023-09-29;2023;11,75;R8/2023;64;202309;11,75
2023-10-02;2023;11,75;R8/2023;70;202310;11,75
2023-10-03;2023;11,75;R8/2023;61;202310;11,75
2023-10-04;2023;11,75;R8/2023;64;202310;11,75
2023-10-05;2023;11,75;R8/2023;67;202310;11,75
2023-10-06;2023;11,75;R8/2023;46;202310;11,75
2023-10-09;2023;11,75;R8/2023;46;202310;11,75
2023-10-10;2023;11,75;R8/2023;48;202310;11,75
2023-10-11;2023;11,75;R8/2023;50;202310;11,75
2023-10-13;2023;11,75;R8/2023;61;202310;11,75
2023-10-16;2023;11,75;R8/2023;54;202310;11,75
2023-10-17;2023;11,75;R8/2023;46;202310;11,75
2023-10-18;2023;11,75;R8/2023;49;202310;11,75
2023-10-19;2023;11,75;R8/2023;47;202310;11,75
2023-10-20;2023;11,75;R8/2023;92;202310;11,75
2023-10-23;2023;11,75;R8/2023;92;202310;11,75
2023-10-24;2023;11,75;R8/2023;93;202310;11,75
2023-10-25;2023;11,75;R8/2023;93;202310;11,75
2023-10-26;2023;11,75;R8/2023;95;202310;11,75
2023-10-27;2023;11,75;R8/2023;92;202310;11,75
2023-10-30;2023;11,75;R8/2023;91;202310;11,75
2023-10-31;2023;11,75;R8/2023;88;202310;11,75
2023-11-01;2023;11,75;R8/2023;85;202311;11,75
2023-11-03;2023;11,75;R8/2023;86;202311;11,75
2023-11-06;2023;11,75;R8/2023;39;202311;11,75
2023-11-07;2023;11,75;R8/2023;46;202311;11,75
2023-11-08;2023;11,75;R8/2023;47;202311;11,75
2023-11-09;2023;11,75;R8/2023;50;202311;11,75
2023-11-10;2023;11,75;R8/2023;71;202311;11,75
2023-11-13;2023;11,75;R8/2023;75;202311;11,75
2023-11-14;2023;11,75;R8/2023;67;202311;11,75
2023-11-16;2023;11,75;R8/2023;67;202311;11,75
2023-11-17;2023;11,75;R8/2023;94;202311;11,75
2023-11-20;2023;11,75;R8/2023;90;202311;11,75
2023-11-21;2023;11,75;R8/2023;86;202311;11,75
2023-11-22;2023;11,75;R8/2023;87;202311;11,75
2023-11-23;2023;11,75;R8/2023;86;202311;11,75
2023-11-24;2023;11,75;R8/2023;41;202311;11,75
2023-11-27;2023;11,75;R8/2023;39;202311;11,75
2023-11-28;2023;11,75;R8/2023;36;202311;11,75
2023-11-29;2023;11,75;R8/2023;38;202311;11,75
2023-11-30;2023;11,75;R8/2023;36;202311;11,75
2023-12-01;2023;11,75;R8/2023;33;202312;11,75
2023-12-04;2023;11,75;R8/2023;43;202312;11,75
2023-12-05;2023;11,75;R8/2023;48;202312;11,75
2023-12-06;2023;11,75;R8/2023;49;202312;11,75
2023-12-07;2023;11,75;R8/2023;54;202312;11,75
2023-12-08;2023;11,75;R8/2023;98;202312;11,75
2023-12-11;2023;11,75;R8/2023;93;202312;11,75
2023-12-12;2023;11,75;R8/2023;91;202312;11,75
2023-12-13;2023;11,75;R8/2023;91;202312;11,75
2024-01-02;2024;9,0;R8/2024;30;202401;9,0
2024-01-03;2024;9,125;R8/2024;22;202401;9,125
2024-01-04;2024;9,125;R8/2024;26;202401;9,125
2024-01-05;2024;9,25;R8/2024;37;202401;9,25
2024-01-08;2024;9,0;R8/2024;39;202401;9,0
2024-01-09;2024;9,0;R8/2024;44;202401;9,0
2024-01-10;2024;9,0;R8/2024;47;202401;9,0
2024-01-11;2024;9,0;R8/2024;49;202401;9,0
2024-01-12;2024;9,0;R8/2024;53;202401;9,0
2024-01-15;2024;9,0;R8/2024;49;202401;9,0
2024-01-16;2024;9,0;R8/2024;52;202401;9,0
2024-01-17;2024;9,0;R8/2024;54;202401;9,0
2024-01-18;2024;9,0;R8/2024;54;202401;9,0
2024-01-19;2024;9,0;R8/2024;79;202401;9,0
2024-01-22;2024;9,0;R8/2024;83;202401;9,0
2024-01-23;2024;9,0;R8/2024;83;202401;9,0
2024-01-24;2024;9,0;R8/2024;82;202401;9,0
2024-01-25;2024;9,0;R8/2024;75;202401;9,0
2024-01-26;2024;9,0;R8/2024;83;202401;9,0
2024-01-29;2024;9,0;R8/2024;88;202401;9,0
2024-01-30;2024;9,0;R8/2024;87;202401;9,0
2024-01-31;2024;9,0;R8/2024;83;202401;9,0
2024-02-01;2024;9,0;R8/2024;84;202402;9,0
2024-02-02;2024;9,0;R8/2024;43;202402;9,0
2024-02-05;2024;9,0;R8/2024;41;202402;9,0
2024-02-06;2024;9,0;R8/2024;39;202402;9,0
2024-02-07;2024;9,0;R8/2024;41;202402;9,0
2024-02-08;2024;9,0;R8/2024;46;202402;9,0
2024-02-09;2024;9,0;R8/2024;73;202402;9,0
2024-02-14;2024;9,0;R8/2024;72;202402;9,0
2024-02-15;2024;9,0;R8/2024;72;202402;9,0
2024-02-16;2024;9,0;R8/2024;89;202402;9,0
2024-02-19;2024;9,0;R8/2024;92;202402;9,0
2024-02-20;2024;9,0;R8/2024;79;202402;9,0
2024-02-21;2024;9,0;R8/2024;79;202402;9,0
2024-02-22;2024;9,0;R8/2024;82;202402;9,0
2024-02-23;2024;9,0;R8/2024;48;202402;9,0
2024-02-26;2024;9,0;R8/2024;43;202402;9,0
2024-02-27;2024;9,0;R8/2024;45;202402;9,0
2024-02-28;2024;9,0;R8/2024;44;202402;9,0
2024-02-29;2024;9,0;R8/2024;41;202402;9,0
2024-03-01;2024;9,0;R8/2024;41;202403;9,0
2024-03-04;2024;9,0;R8/2024;47;202403;9,0
2024-03-05;2024;9,0;R8/2024;46;202403;9,0
2024-03-06;2024;9,0;R8/2024;46;202403;9,0
2024-03-07;2024;9,0;R8/2024;47;202403;9,0
2024-03-08;2024;9,0;R8/2024;43;202403;9,0
2024-03-11;2024;9,0;R8/2024;36;202403;9,0
2024-03-12;2024;9,0;R8/2024;36;202403;9,0
2024-03-13;2024;9,0;R8/2024;41;202403;9,0
2024-03-14;2024;9,0;R8/2024;44;202403;9,0
2024-03-15;2024;9,0;R8/2024;93;202403;9,0
2024-03-18;2024;9,0;R8/2024;96;202403;9,0
2024-03-19;2024;9,0;R8/2024;96;202403;9,0
2024-03-20;2024;9,0;R8/2024;92;202403;9,0
2024-03-21;2024;9,0;R8/2024;93;202403;9,0
2024-03-22;2024;9,0;R8/2024;77;202403;9,0
2024-03-25;2024;9,0;R8/2024;76;202403;9,0
2024-03-26;2024;9,0;R8/2024;76;202403;9,0
2024-03-27;2024;9,0;R8/2024;79;202403;9,0
2024-03-28;2024;9,0;R8/2024;93;202403;9,0
2024-04-01;2024;9,0;R8/2024;78;202404;9,0
2024-04-02;2024;9,0;R8/2024;74;202404;9,0
2024-04-03;2024;9,0;R8/2024;72;202404;9,0
2024-04-04;2024;9,0;R8/2024;70;202404;9,0
2024-04-05;2024;9,0;R8/2024;45;202404;9,0
2024-04-08;2024;9,0;R8/2024;41;202404;9,0
2024-04-09;2024;9,0;R8/2024;50;202404;9,0
2024-04-10;2024;9,25;R8/2024;51;202404;9,25
2024-04-11;2024;9,125;R8/2024;60;202404;9,125
2024-04-12;2024;9,25;R8/2024;64;202404;9,25
2024-04-15;2024;9,25;R8/2024;62;202404;9,25
2024-04-16;2024;9,25;R8/2024;62;202404;9,25
2024-04-17;2024;9,1465;R8/2024;62;202404;9,1465
2024-04-18;2024;9,25;R8/2024;57;202404;9,25
2024-04-19;2024;9,75;R8/2024;103;202404;9,75
2024-04-22;2024;9,75;R8/2024;109;202404;9,75
2024-04-23;2024;9,75;R8/2024;105;202404;9,75
2024-04-24;2024;9,75;R8/2024;106;202404;9,75
2024-04-25;2024;9,75;R8/2024;106;202404;9,75
2024-04-26;2024;9,5;R8/2024;49;202404;9,5
2024-04-29;2024;9,5;R8/2024;43;202404;9,5
2024-04-30;2024;9,5;R8/2024;46;202404;9,5
2024-05-02;2024;9,5;R8/2024;54;202405;9,5
2024-05-03;2024;9,75;R8/2024;100;202405;9,75
2024-05-06;2024;9,75;R8/2024;96;202405;9,75
2024-05-07;2024;9,75;R8/2024;97;202405;9,75
2024-05-08;2024;9,75;R8/2024;97;202405;9,75
2024-05-09;2024;9,75;R8/2024;93;202405;9,75
2024-05-10;2024;9,75;R8/2024;56;202405;9,75
2024-05-13;2024;9,7675;R8/2024;58;202405;9,7675
2024-05-14;2024;10,0;R8/2024;60;202405;10,0
2024-05-15;2024;10,0;R8/2024;67;202405;10,0
2024-05-16;2024;10,0;R8/2024;60;202405;10,0
2024-05-17;2024;10,0;R8/2024;86;202405;10,0
2024-05-20;2024;10,25;R8/2024;89;202405;10,25
2024-05-21;2024;10,25;R8/2024;89;202405;10,25
2024-05-22;2024;10,25;R8/2024;84;202405;10,25
2024-05-23;2024;10,25;R8/2024;85;202405;10,25
2024-05-24;2024;10,25;R8/2024;81;202405;10,25
2024-05-27;2024;10,25;R8/2024;82;202405;10,25
2024-05-28;2024;10,25;R8/2024;79;202405;10,25
2024-05-29;2024;10,25;R8/2024;78;202405;10,25
2024-05-31;2024;10,25;R8/2024;80;202405;10,25
2024-06-03;2024;10,25;R8/2024;50;202406;10,25
2024-06-04;2024;10,25;R8/2024;45;202406;10,25
2024-06-05;2024;10,25;R8/2024;47;202406;10,25
2024-06-06;2024;10,25;R8/2024;45;202406;10,25
2024-06-07;2024;10,25;R8/2024;42;202406;10,25
2024-06-10;2024;10,25;R8/2024;48;202406;10,25
2024-06-11;2024;10,25;R8/2024;56;202406;10,25
2024-06-12;2024;10,25;R8/2024;53;202406;10,25
2024-06-13;2024;10,5;R8/2024;58;202406;10,5
2024-06-14;2024;10,5;R8/2024;109;202406;10,5
2024-06-17;2024;10,5;R8/2024;102;202406;10,5
2024-06-18;2024;10,5;R8/2024;93;202406;10,5
2024-06-19;2024;10,5;R8/2024;95;202406;10,5
2024-06-20;2024;10,5;R8/2024;91;202406;10,5
2024-06-21;2024;10,5;R8/2024;70;202406;10,5
2024-06-24;2024;10,5;R8/2024;74;202406;10,5
2024-06-25;2024;10,5;R8/2024;77;202406;10,5
2024-06-26;2024;10,5;R8/2024;77;202406;10,5
2024-06-27;2024;10,5;R8/2024;71;202406;10,5
2024-06-28;2024;10,5;R8/2024;77;202406;10,5
2024-07-01;2024;10,5;R8/2024;74;202407;10,5
2024-07-02;2024;10,5;R8/2024;72;202407;10,5
2024-07-03;2024;10,5;R8/2024;71;202407;10,5
2024-07-04;2024;10,5;R8/2024;71;202407;10,5
2024-07-05;2024;10,5;R8/2024;41;202407;10,5
2024-07-08;2024;10,5;R8/2024;38;202407;10,5
2024-07-09;2024;10,5;R8/2024;36;202407;10,5
2024-07-10;2024;10,5;R8/2024;40;202407;10,5
2024-07-11;2024;10,5;R8/2024;41;202407;10,5
2024-07-12;2024;10,5;R8/2024;48;202407;10,5
2024-07-15;2024;10,5;R8/2024;57;202407;10,5
2024-07-16;2024;10,5;R8/2024;56;202407;10,5
2024-07-17;2024;10,5;R8/2024;53;202407;10,5
2024-07-18;2024;10,5;R8/2024;54;202407;10,5
2024-07-19;2024;10,5;R8/2024;84;202407;10,5
2024-07-22;2024;10,5;R8/2024;84;202407;10,5
2024-07-23;2024;10,5;R8/2024;85;202407;10,5
2024-07-24;2024;10,5;R8/2024;87;202407;10,5
2024-07-25;2024;10,5;R8/2024;86;202407;10,5
2024-07-26;2024;10,5;R8/2024;92;202407;10,5
2024-07-29;2024;10,5;R8/2024;87;202407;10,5
2024-07-30;2024;10,5;R8/2024;84;202407;10,5
2024-07-31;2024;10,5;R8/2024;78;202407;10,5
2024-08-01;2024;10,5;R8/2024;75;202408;10,5
2024-08-02;2024;10,5;R8/2024;41;202408;10,5
2024-08-05;2024;10,5;R8/2024;41;202408;10,5
2024-08-06;2024;10,5;R8/2024;46;202408;10,5
2024-08-07;2024;10,5;R8/2024;49;202408;10,5
2024-08-08;2024;10,5;R8/2024;52;202408;10,5
2024-08-09;2024;10,5;R8/2024;82;202408;10,5
2024-08-12;2024;10,5;R8/2024;91;202408;10,5
2024-08-13;2024;10,5;R8/2024;91;202408;10,5
2024-08-14;2024;10,5;R8/2024;89;202408;10,5
2024-08-15;2024;10,5;R8/2024;87;202408;10,5
2024-08-16;2024;10,5;R8/2024;53;202408;10,5
2024-08-19;2024;10,5;R8/2024;56;202408;10,5
2024-08-20;2024;10,5;R8/2024;54;202408;10,5
2024-08-21;2024;10,5;R8/2024;58;202408;10,5
2024-08-22;2024;10,5;R8/2024;62;202408;10,5
2024-08-23;2024;10,5;R8/2024;86;202408;10,5
2024-08-26;2024;10,5;R8/2024;88;202408;10,5
2024-08-27;2024;10,5;R8/2024;90;202408;10,5
2024-08-28;2024;10,5;R8/2024;88;202408;10,5
2024-08-29;2024;10,5;R8/2024;85;202408;10,5
2024-08-30;2024;10,5001;R8/2024;46;202408;10,5001
2024-09-02;2024;10,75;R8/2024;41;202409;10,75
2024-09-03;2024;11,0;R8/2024;43;202409;11,0
2024-09-04;2024;11,25;R8/2024;45;202409;11,25
2024-09-05;2024;11,25;R8/2024;46;202409;11,25
2024-09-06;2024;11,25;R8/2024;54;202409;11,25
2024-09-09;2024;11,25;R8/2024;61;202409;11,25
2024-09-10;2024;11,25;R8/2024;65;202409;11,25
2024-09-11;2024;11,25;R8/2024;68;202409;11,25
2024-09-12;2024;11,25;R8/2024;72;202409;11,25
2024-09-13;2024;11,25;R8/2024;107;202409;11,25
2024-09-16;2024;11,25;R8/2024;104;202409;11,25
2024-09-17;2024;11,25;R8/2024;96;202409;11,25
2024-09-18;2024;11,25;R8/2024;96;202409;11,25
2024-09-19;2024;11,375;R8/2024;92;202409;11,375
2024-09-20;2024;11,75;R8/2024;83;202409;11,75
2024-09-23;2024;11,75;R8/2024;86;202409;11,75
2024-09-24;2024;11,75;R8/2024;85;202409;11,75
2024-09-25;2024;11,75;R8/2024;83;202409;11,75
2024-09-26;2024;11,75;R8/2024;80;202409;11,75
2024-09-27;2024;11,75;R8/2024;72;202409;11,75
2024-09-30;2024;11,75;R8/2024;75;202409;11,75
2024-10-01;2024;11,75;R8/2024;74;202410;11,75
2024-10-02;2024;11,75;R8/2024;74;202410;11,75
2024-10-03;2024;11,75;R8/2024;65;202410;11,75
2024-10-04;2024;11,75;R8/2024;39;202410;11,75
2024-10-07;2024;11,75;R8/2024;37;202410;11,75
2024-10-08;2024;11,75;R8/2024;42;202410;11,75
2024-10-09;2024;11,75;R8/2024;44;202410;11,75
2024-10-10;2024;11,75;R8/2024;44;202410;11,75
2024-10-11;2024;11,75;R8/2024;50;202410;11,75
2024-10-14;2024;11,75;R8/2024;52;202410;11,75
2024-10-15;2024;11,75;R8/2024;53;202410;11,75
2024-10-16;2024;11,75;R8/2024;53;202410;11,75
2024-10-17;2024;11,75;R8/2024;56;202410;11,75
2024-10-18;2024;11,75;R8/2024;81;202410;11,75
2024-10-21;2024;11,75;R8/2024;88;202410;11,75
2024-10-22;2024;11,75;R8/2024;87;202410;11,75
2024-10-23;2024;11,75;R8/2024;79;202410;11,75
2024-10-24;2024;11,75;R8/2024;79;202410;11,75
2024-10-25;2024;11,75;R8/2024;46;202410;11,75
2024-10-28;2024;11,75;R8/2024;38;202410;11,75
2024-10-29;2024;11,75;R8/2024;39;202410;11,75
2024-10-30;2024;11,75;R8/2024;43;202410;11,75
2024-10-31;2024;11,75;R8/2024;42;202410;11,75
2024-11-01;2024;11,75;R8/2024;91;202411;11,75
2024-11-04;2024;11,75;R8/2024;90;202411;11,75
2024-11-05;2024;11,75;R8/2024;90;202411;11,75
2024-11-06;2024;11,75;R8/2024;85;202411;11,75
2024-11-07;2024;11,75;R8/2024;83;202411;11,75
2024-11-08;2024;11,75;R8/2024;51;202411;11,75
2024-11-11;2024;11,75;R8/2024;58;202411;11,75
2024-11-12;2024;11,75;R8/2024;58;202411;11,75
2024-11-13;2024;11,75;R8/2024;61;202411;11,75
2024-11-14;2024;11,75;R8/2024;83;202411;11,75
2024-11-18;2024;11,75;R8/2024;62;202411;11,75
2024-11-19;2024;11,75;R8/2024;56;202411;11,75
2024-11-21;2024;11,75;R8/2024;61;202411;11,75
2024-11-22;2024;11,75;R8/2024;97;202411;11,75
2024-11-25;2024;11,75;R8/2024;97;202411;11,75
2024-11-26;2024;11,75;R8/2024;100;202411;11,75
2024-11-27;2024;11,75;R8/2024;103;202411;11,75
2024-11-28;2024;11,75;R8/2024;100;202411;11,75
2024-11-29;2024;12,0;R8/2024;62;202411;12,0
2024-12-02;2024;12,0;R8/2024;64;202412;12,0
2024-12-03;2024;12,0;R8/2024;64;202412;12,0
2024-12-04;2024;12,0;R8/2024;67;202412;12,0
2024-12-05;2024;12,0;R8/2024;68;202412;12,0
2024-12-06;2024;12,0;R8/2024;105;202412;12,0
2024-12-09;2024;12,0;R8/2024;101;202412;12,0
2024-12-10;2024;12,0;R8/2024;102;202412;12,0
2024-12-11;2024;12,0;R8/2024;102;202412;12,0
2025-01-02;2025;15,0;R8/2025;34;202501;15,0
2025-01-03;2025;15,0;R8/2025;38;202501;15,0
2025-01-06;2025;15,0;R8/2025;28;202501;15,0
2025-01-07;2025;15,0;R8/2025;32;202501;15,0
2025-01-08;2025;15,0;R8/2025;32;202501;15,0
2025-01-09;2025;15,0;R8/2025;33;202501;15,0
2025-01-10;2025;15,0;R8/2025;41;202501;15,0
2025-01-13;2025;15,0;R8/2025;48;202501;15,0
2025-01-14;2025;15,0;R8/2025;43;202501;15,0
2025-01-15;2025;15,0;R8/2025;43;202501;15,0
2025-01-16;2025;15,0;R8/2025;42;202501;15,0
2025-01-17;2025;15,0;R8/2025;40;202501;15,0
2025-01-20;2025;15,0;R8/2025;42;202501;15,0
2025-01-21;2025;15,0;R8/2025;48;202501;15,0
2025-01-22;2025;15,0;R8/2025;57;202501;15,0
2025-01-23;2025;15,0;R8/2025;61;202501;15,0
2025-01-24;2025;15,125;R8/2025;98;202501;15,125
2025-01-27;2025;15,125;R8/2025;96;202501;15,125
2025-01-28;2025;15,25;R8/2025;95;202501;15,25
2025-01-29;2025;15,25;R8/2025;91;202501;15,25
2025-01-30;2025;15,25;R8/2025;91;202501;15,25
2025-01-31;2025;15,125;R8/2025;44;202501;15,125
2025-02-03;2025;15,0;R8/2025;48;202502;15,0
2025-02-04;2025;15,0;R8/2025;45;202502;15,0
2025-02-05;2025;15,0;R8/2025;46;202502;15,0
2025-02-06;2025;15,0;R8/2025;49;202502;15,0
2025-02-07;2025;15,25;R8/2025;71;202502;15,25
2025-02-10;2025;15,25;R8/2025;76;202502;15,25
2025-02-11;2025;15,0;R8/2025;78;202502;15,0
2025-02-12;2025;15,0;R8/2025;77;202502;15,0
2025-02-13;2025;15,0;R8/2025;74;202502;15,0
2025-02-14;2025;15,0;R8/2025;49;202502;15,0
2025-02-17;2025;15,0;R8/2025;47;202502;15,0
2025-02-18;2025;15,0;R8/2025;41;202502;15,0
2025-02-19;2025;15,0;R8/2025;38;202502;15,0
2025-02-20;2025;15,0;R8/2025;42;202502;15,0
2025-02-21;2025;15,0;R8/2025;90;202502;15,0
2025-02-24;2025;15,0;R8/2025;88;202502;15,0
2025-02-25;2025;15,0;R8/2025;93;202502;15,0
2025-02-26;2025;15,0;R8/2025;94;202502;15,0
2025-02-27;2025;15,0;R8/2025;89;202502;15,0
2025-02-28;2025;15,0;R8/2025;41;202502;15,0
2025-03-05;2025;15,0;R8/2025;42;202503;15,0
2025-03-06;2025;15,0;R8/2025;40;202503;15,0
2025-03-07;2025;15,0;R8/2025;46;202503;15,0
2025-03-10;2025;15,0;R8/2025;49;202503;15,0
2025-03-11;2025;15,0;R8/2025;45;202503;15,0
2025-03-12;2025;15,0;R8/2025;47;202503;15,0
2025-03-13;2025;15,0;R8/2025;53;202503;15,0
2025-03-14;2025;15,0;R8/2025;100;202503;15,0
2025-03-17;2025;15,0;R8/2025;98;202503;15,0
2025-03-18;2025;15,0;R8/2025;100;202503;15,0
2025-03-19;2025;15,0;R8/2025;93;202503;15,0
2025-03-20;2025;15,0;R8/2025;89;202503;15,0
2025-03-21;2025;15,0;R8/2025;82;202503;15,0
2025-03-24;2025;15,0;R8/2025;80;202503;15,0
2025-03-25;2025;15,0;R8/2025;82;202503;15,0
2025-03-26;2025;15,0;R8/2025;82;202503;15,0
2025-03-27;2025;15,0;R8/2025;77;202503;15,0
2025-03-28;2025;15,0;R8/2025;68;202503;15,0
2025-03-31;2025;15,0;R8/2025;70;202503;15,0
2025-04-01;2025;15,0;R8/2025;66;202504;15,0
2025-04-02;2025;15,0;R8/2025;66;202504;15,0
2025-04-03;2025;15,0;R8/2025;63;202504;15,0
2025-04-04;2025;15,0;R8/2025;34;202504;15,0
2025-04-07;2025;15,0;R8/2025;33;202504;15,0
2025-04-08;2025;15,0;R8/2025;36;202504;15,0
2025-04-09;2025;15,0;R8/2025;35;202504;15,0
2025-04-10;2025;15,0;R8/2025;36;202504;15,0
2025-04-11;2025;15,0;R8/2025;41;202504;15,0
2025-04-14;2025;15,0;R8/2025;43;202504;15,0
2025-04-15;2025;15,0;R8/2025;43;202504;15,0
2025-04-16;2025;15,0;R8/2025;48;202504;15,0
2025-04-17;2025;15,0;R8/2025;99;202504;15,0
2025-04-22;2025;15,0;R8/2025;96;202504;15,0
2025-04-23;2025;15,0;R8/2025;91;202504;15,0
2025-04-24;2025;15,0;R8/2025;91;202504;15,0
2025-04-25;2025;15,0;R8/2025;97;202504;15,0
2025-04-28;2025;14,75;R8/2025;55;202504;14,75
2025-04-29;2025;14,75;R8/2025;54;202504;14,75
2025-04-30;2025;14,75;R8/2025;67;202504;14,75
2025-05-02;2025;14,75;R8/2025;102;202505;14,75
2025-05-05;2025;14,75;R8/2025;94;202505;14,75
2025-05-06;2025;14,75;R8/2025;90;202505;14,75
2025-05-07;2025;14,75;R8/2025;88;202505;14,75
2025-05-08;2025;14,75;R8/2025;74;202505;14,75
2025-05-09;2025;14,75;R8/2025;52;202505;14,75
2025-05-12;2025;14,75;R8/2025;54;202505;14,75
2025-05-13;2025;14,75;R8/2025;58;202505;14,75
2025-05-14;2025;14,75;R8/2025;60;202505;14,75
2025-05-15;2025;14,75;R8/2025;56;202505;14,75
2025-05-16;2025;14,75;R8/2025;73;202505;14,75
2025-05-19;2025;14,75;R8/2025;74;202505;14,75
2025-05-20;2025;14,75;R8/2025;73;202505;14,75
2025-05-21;2025;14,75;R8/2025;74;202505;14,75
2025-05-22;2025;14,75;R8/2025;71;202505;14,75
2025-05-23;2025;14,75;R8/2025;78;202505;14,75
2025-05-26;2025;14,75;R8/2025;81;202505;14,75
2025-05-27;2025;14,75;R8/2025;77;202505;14,75
2025-05-28;2025;14,75;R8/2025;73;202505;14,75
2025-05-29;2025;14,75;R8/2025;68;202505;14,75
2025-05-30;2025;14,75;R8/2025;40;202505;14,75
2025-06-02;2025;14,75;R8/2025;37;202506;14,75
2025-06-03;2025;14,75;R8/2025;39;202506;14,75
2025-06-04;2025;14,75;R8/2025;44;202506;14,75
2025-06-05;2025;14,75;R8/2025;51;202506;14,75
2025-06-06;2025;14,75;R8/2025;57;202506;14,75
2025-06-09;2025;14,75;R8/2025;58;202506;14,75
2025-06-10;2025;14,75;R8/2025;58;202506;14,75
2025-06-11;2025;14,75;R8/2025;60;202506;14,75
2025-06-12;2025;14,75;R8/2025;61;202506;14,75
2025-06-13;2025;14,75;R8/2025;102;202506;14,75
2025-06-16;2025;14,75;R8/2025;99;202506;14,75
2025-06-17;2025;14,75;R8/2025;95;202506;14,75
2025-06-18;2025;14,75;R8/2025;90;202506;14,75
2025-06-20;2025;15,0;R8/2025;100;202506;15,0
2025-06-23;2025;15,0;R8/2025;83;202506;15,0
2025-06-24;2025;15,0;R8/2025;84;202506;15,0
2025-06-25;2025;15,0;R8/2025;84;202506;15,0
2025-06-26;2025;15,0;R8/2025;88;202506;15,0
2025-06-27;2025;15,0;R8/2025;75;202506;15,0
2025-06-30;2025;15,0;R8/2025;71;202506;15,0
2025-07-01;2025;15,0;R8/2025;73;202507;15,0
2025-07-02;2025;15,0;R8/2025;71;202507;15,0
2025-07-03;2025;15,0;R8/2025;67;202507;15,0
2025-07-04;2025;15,0;R8/2025;43;202507;15,0
2025-07-07;2025;15,0;R8/2025;42;202507;15,0
2025-07-08;2025;15,0;R8/2025;41;202507;15,0
2025-07-09;2025;15,0;R8/2025;45;202507;15,0
2025-07-10;2025;15,0;R8/2025;46;202507;15,0
2025-07-11;2025;15,0;R8/2025;47;202507;15,0
2025-07-14;2025;15,0;R8/2025;51;202507;15,0
2025-07-15;2025;15,0;R8/2025;54;202507;15,0
2025-07-16;2025;15,0;R8/2025;55;202507;15,0
2025-07-17;2025;15,0;R8/2025;54;202507;15,0
2025-07-18;2025;15,0;R8/2025;87;202507;15,0
2025-07-21;2025;15,0;R8/2025;91;202507;15,0
2025-07-22;2025;15,0;R8/2025;91;202507;15,0
2025-07-23;2025;15,0;R8/2025;88;202507;15,0
2025-07-24;2025;15,0;R8/2025;89;202507;15,0
2025-07-25;2025;15,0;R8/2025;85;202507;15,0
2025-07-28;2025;15,0;R8/2025;81;202507;15,0
2025-07-29;2025;15,0;R8/2025;77;202507;15,0
2025-07-30;2025;15,0;R8/2025;76;202507;15,0
2025-07-31;2025;15,0;R8/2025;73;202507;15,0
2025-08-01;2025;15,0;R8/2025;41;202508;15,0
2025-08-04;2025;15,0;R8/2025;43;202508;15,0
2025-08-05;2025;15,0;R8/2025;44;202508;15,0
2025-08-06;2025;15,0;R8/2025;46;202508;15,0
2025-08-07;2025;15,0;R8/2025;47;202508;15,0
2025-08-08;2025;15,0;R8/2025;65;202508;15,0
2025-08-11;2025;15,0;R8/2025;65;202508;15,0
2025-08-12;2025;15,0;R8/2025;69;202508;15,0
2025-08-13;2025;15,0;R8/2025;70;202508;15,0
2025-08-14;2025;15,0;R8/2025;70;202508;15,0
2025-08-15;2025;15,0;R8/2025;47;202508;15,0
2025-08-18;2025;15,0;R8/2025;52;202508;15,0
2025-08-19;2025;15,0;R8/2025;48;202508;15,0
2025-08-20;2025;15,0;R8/2025;47;202508;15,0
2025-08-21;2025;15,0;R8/2025;48;202508;15,0
2025-08-22;2025;15,0;R8/2025;92;202508;15,0
2025-08-25;2025;15,0;R8/2025;88;202508;15,0
2025-08-26;2025;15,0;R8/2025;88;202508;15,0
2025-08-27;2025;15,0;R8/2025;87;202508;15,0
2025-08-28;2025;15,0;R8/2025;84;202508;15,0
2025-08-29;2025;15,0;R8/2025;37;202508;15,0
2025-09-01;2025;15,0;R8/2025;44;202509;15,0
2025-09-02;2025;15,0;R8/2025;42;202509;15,0
2025-09-03;2025;15,0;R8/2025;44;202509;15,0
2025-09-04;2025;15,0;R8/2025;43;202509;15,0
2025-09-05;2025;15,0;R8/2025;41;202509;15,0
2025-09-08;2025;15,0;R8/2025;39;202509;15,0
2025-09-09;2025;15,0;R8/2025;46;202509;15,0
2025-09-10;2025;15,0;R8/2025;48;202509;15,0
2025-09-11;2025;15,0;R8/2025;54;202509;15,0
2025-09-12;2025;15,0;R8/2025;103;202509;15,0
2025-09-15;2025;15,0;R8/2025;102;202509;15,0
2025-09-16;2025;15,0;R8/2025;99;202509;15,0
2025-09-17;2025;15,0;R8/2025;93;202509;15,0
2025-09-18;2025;15,0;R8/2025;90;202509;15,0
2025-09-19;2025;15,0;R8/2025;75;202509;15,0
2025-09-22;2025;15,0;R8/2025;81;202509;15,0
2025-09-23;2025;15,0;R8/2025;85;202509;15,0
2025-09-24;2025;15,0;R8/2025;88;202509;15,0
2025-09-25;2025;15,0;R8/2025;87;202509;15,0
2025-09-26;2025;15,0;R8/2025;71;202509;15,0
2025-09-29;2025;15,0;R8/2025;68;202509;15,0
2025-09-30;2025;15,0;R8/2025;69;202509;15,0
2025-10-01;2025;15,0;R8/2025;66;202510;15,0
2025-10-02;2025;15,0;R8/2025;64;202510;15,0
2025-10-03;2025;15,0;R8/2025;35;202510;15,0
2025-10-06;2025;15,0;R8/2025;40;202510;15,0
2025-10-07;2025;15,0;R8/2025;41;202510;15,0
2025-10-08;2025;15,0;R8/2025;42;202510;15,0
2025-10-09;2025;15,0;R8/2025;45;202510;15,0
2025-10-10;2025;15,0;R8/2025;49;202510;15,0
2025-10-13;2025;15,0;R8/2025;51;202510;15,0
2025-10-14;2025;15,0;R8/2025;51;202510;15,0
2025-10-15;2025;15,0;R8/2025;50;202510;15,0
2025-10-16;2025;15,0;R8/2025;42;202510;15,0
2025-10-17;2025;15,0;R8/2025;42;202510;15,0
2025-10-20;2025;15,0;R8/2025;46;202510;15,0
2025-10-21;2025;15,0;R8/2025;46;202510;15,0
2025-10-22;2025;15,0;R8/2025;50;202510;15,0
2025-10-23;2025;15,0;R8/2025;54;202510;15,0
2025-10-24;2025;15,0;R8/2025;96;202510;15,0
2025-10-27;2025;15,0;R8/2025;95;202510;15,0
2025-10-28;2025;15,0;R8/2025;98;202510;15,0
2025-10-29;2025;15,0;R8/2025;101;202510;15,0
2025-10-30;2025;15,0;R8/2025;98;202510;15,0
2025-10-31;2025;15,0;R8/2025;77;202510;15,0
2025-11-03;2025;15,0;R8/2025;80;202511;15,0
2025-11-04;2025;15,0;R8/2025;75;202511;15,0
2025-11-05;2025;15,0;R8/2025;71;202511;15,0
2025-11-06;2025;15,0;R8/2025;75;202511;15,0
2025-11-07;2025;15,0;R8/2025;45;202511;15,0
2025-11-10;2025;15,0;R8/2025;48;202511;15,0
2025-11-11;2025;15,0;R8/2025;52;202511;15,0
2025-11-12;2025;15,0;R8/2025;57;202511;15,0
2025-11-13;2025;15,0;R8/2025;56;202511;15,0
2025-11-14;2025;15,0;R8/2025;77;202511;15,0
2025-11-17;2025;15,0;R8/2025;80;202511;15,0
2025-11-18;2025;15,0;R8/2025;78;202511;15,0
2025-11-19;2025;15,0;R8/2025;76;202511;15,0
2025-11-21;2025;15,0;R8/2025;89;202511;15,0
2025-11-24;2025;15,0;R8/2025;76;202511;15,0
2025-11-25;2025;15,0;R8/2025;75;202511;15,0
2025-11-26;2025;15,0;R8/2025;73;202511;15,0
2025-11-27;2025;15,0;R8/2025;70;202511;15,0
2025-11-28;2025;15,0;R8/2025;40;202511;15,0
2025-12-01;2025;15,0;R8/2025;45;202512;15,0
2025-12-02;2025;15,0;R8/2025;44;202512;15,0
2025-12-03;2025;15,0;R8/2025;42;202512;15,0
2025-12-04;2025;15,0;R8/2025;44;202512;15,0
2025-12-05;2025;15,0;R8/2025;82;202512;15,0
2025-12-08;2025;15,0;R8/2025;82;202512;15,0
2025-12-09;2025;15,0;R8/2025;84;202512;15,0
2025-12-10;2025;15,0;R8/2025;85;202512;15,0
2026-01-02;2026;12,0;R8/2026;39;202601;12,0
2026-01-05;2026;12,0;R8/2026;40;202601;12,0
2026-01-06;2026;12,0;R8/2026;39;202601;12,0
2026-01-07;2026;12,0;R8/2026;41;202601;12,0
2026-01-08;2026;12,0;R8/2026;42;202601;12,0
2026-01-09;2026;12,0;R8/2026;52;202601;12,0
2026-01-12;2026;12,0;R8/2026;55;202601;12,0
2026-01-13;2026;12,0;R8/2026;55;202601;12,0
2026-01-14;2026;12,25;R8/2026;55;202601;12,25
2026-01-15;2026;12,25;R8/2026;56;202601;12,25
2026-01-16;2026;12,0;R8/2026;51;202601;12,0
2026-01-19;2026;12,0;R8/2026;54;202601;12,0
2026-01-20;2026;12,0;R8/2026;57;202601;12,0
2026-01-21;2026;12,0;R8/2026;62;202601;12,0
2026-01-22;2026;12,25;R8/2026;66;202601;12,25
2026-01-23;2026;12,25;R8/2026;106;202601;12,25
2026-01-26;2026;12,25;R8/2026;100;202601;12,25
2026-01-27;2026;12,25;R8/2026;95;202601;12,25
2026-01-28;2026;12,25;R8/2026;89;202601;12,25
2026-01-29;2026;12,25;R8/2026;91;202601;12,25
2026-01-30;2026;12,0;R8/2026;48;202601;12,0
2026-02-02;2026;12,0;R8/2026;50;202602;12,0
2026-02-03;2026;12,0;R8/2026;53;202602;12,0
2026-02-04;2026;12,25;R8/2026;59;202602;12,25
2026-02-05;2026;12,25;R8/2026;54;202602;12,25
2026-02-06;2026;12,25;R8/2026;77;202602;12,25
2026-02-09;2026;12,25;R8/2026;82;202602;12,25
2026-02-10;2026;12,25;R8/2026;86;202602;12,25
2026-02-11;2026;12,25;R8/2026;81;202602;12,25
2026-02-12;2026;12,0;R8/2026;82;202602;12,0
2026-02-13;2026;12,0;R8/2026;45;202602;12,0
2026-02-18;2026;12,0;R8/2026;42;202602;12,0
2026-02-19;2026;12,0;R8/2026;39;202602;12,0
2026-02-20;2026;12,0;R8/2026;92;202602;12,0
2026-02-23;2026;12,0;R8/2026;96;202602;12,0
2026-02-24;2026;12,0;R8/2026;93;202602;12,0
2026-02-25;2026;12,0;R8/2026;90;202602;12,0
2026-02-26;2026;12,125;R8/2026;88;202602;12,125
2026-02-27;2026;12,0;R8/2026;41;202602;12,0
2026-03-02;2026;12,0;R8/2026;38;202603;12,0
2026-03-03;2026;12,25;R8/2026;42;202603;12,25
2026-03-04;2026;12,25;R8/2026;41;202603;12,25
2026-03-05;2026;12,25;R8/2026;39;202603;12,25
2026-03-06;2026;12,125;R8/2026;40;202603;12,125
2026-03-09;2026;12,25;R8/2026;39;202603;12,25
2026-03-10;2026;12,25;R8/2026;41;202603;12,25
2026-03-11;2026;12,25;R8/2026;43;202603;12,25
2026-03-12;2026;12,0;R8/2026;51;202603;12,0
2026-03-13;2026;12,25;R8/2026;105;202603;12,25
2026-03-16;2026;12,375;R8/2026;106;202603;12,375
2026-03-17;2026;12,25;R8/2026;105;202603;12,25
2026-03-18;2026;12,5;R8/2026;103;202603;12,5
2026-03-19;2026;12,5;R8/2026;105;202603;12,5
2026-03-20;2026;12,5;R8/2026;87;202603;12,5
2026-03-23;2026;12,5;R8/2026;89;202603;12,5
2026-03-24;2026;12,5;R8/2026;90;202603;12,5
2026-03-25;2026;12,5;R8/2026;91;202603;12,5
2026-03-26;2026;12,5;R8/2026;90;202603;12,5
2026-03-27;2026;12,5;R8/2026;81;202603;12,5
2026-03-30;2026;12,5;R8/2026;84;202603;12,5
2026-03-31;2026;12,5;R8/2026;83;202603;12,5
2026-04-01;2026;12,5;R8/2026;83;202604;12,5
2026-04-02;2026;12,5;R8/2026;80;202604;12,5
2026-04-06;2026;12,625;R8/2026;50;202604;12,625
2026-04-07;2026;12,75;R8/2026;42;202604;12,75
2026-04-08;2026;12,75;R8/2026;42;202604;12,75
2026-04-09;2026;12,75;R8/2026;41;202604;12,75
2026-04-10;2026;12,75;R8/2026;55;202604;12,75
2026-04-13;2026;12,75;R8/2026;47;202604;12,75
2026-04-14;2026;12,75;R8/2026;53;202604;12,75
2026-04-15;2026;12,75;R8/2026;54;202604;12,75
2026-04-16;2026;12,75;R8/2026;57;202604;12,75
2026-04-17;2026;13,0;R8/2026;95;202604;13,0
2026-04-20;2026;13,0;R8/2026;96;202604;13,0
2026-04-22;2026;13,0;R8/2026;95;202604;13,0
2026-04-23;2026;13,0;R8/2026;98;202604;13,0
2026-04-24;2026;13,0;R8/2026;110;202604;13,0
2026-04-27;2026;13,0;R8/2026;97;202604;13,0
2026-04-28;2026;13,0;R8/2026;98;202604;13,0
2026-04-29;2026;13,0;R8/2026;93;202604;13,0
2026-04-30;2026;13,0;R8/2026;98;202604;13,0
2026-05-04;2026;13,0;R8/2026;55;202605;13,0
2026-05-05;2026;13,25;R8/2026;51;202605;13,25
2026-05-06;2026;13,25;R8/2026;50;202605;13,25
2026-05-07;2026;13,25;R8/2026;51;202605;13,25
2026-05-08;2026;13,25;R8/2026;82;202605;13,25
2026-05-11;2026;13,25;R8/2026;78;202605;13,25
2026-05-12;2026;13,25;R8/2026;78;202605;13,25
2026-05-13;2026;13,25;R8/2026;83;202605;13,25
2026-05-14;2026;13,25;R8/2026;83;202605;13,25
2026-05-15;2026;13,25;R8/2026;49;202605;13,25
2026-05-18;2026;13,25;R8/2026;49;202605;13,25
2026-05-19;2026;13,25;R8/2026;49;202605;13,25
2026-05-20;2026;13,25;R8/2026;40;202605;13,25
2026-05-21;2026;13,25;R8/2026;43;202605;13,25
2026-05-22;2026;13,5;R8/2026;97;202605;13,5
2026-05-25;2026;13,5;R8/2026;107;202605;13,5
2026-05-26;2026;13,5;R8/2026;104;202605;13,5
2026-05-27;2026;13,5;R8/2026;106;202605;13,5
2026-05-28;2026;13,5;R8/2026;101;202605;13,5
2026-05-29;2026;13,25;R8/2026;44;202605;13,25
2026-06-01;2026;13,25;R8/2026;34;202606;13,25
2026-06-02;2026;13,25;R8/2026;36;202606;13,25
2026-06-03;2026;13,25;R8/2026;37;202606;13,25
2026-06-05;2026;13,5;R8/2026;52;202606;13,5
2026-06-08;2026;13,75;R8/2026;50;202606;13,75
2026-06-09;2026;13,75;R8/2026;54;202606;13,75
2026-06-10;2026;14,0;R8/2026;52;202606;14,0
2026-06-11;2026;14,0;R8/2026;54;202606;14,0
2026-06-12;2026;14,0;R8/2026;106;202606;14,0
