survey_date,ano_ref,dbgg_focus_med_pct_pib,numeroRespondentes,dbgg_sgs_pct_pib,dbgg_sgs_yoy_pp,dbgg_sgs_data_obs,dbgg_divulgacao_aprox
2018-01-22,2022,84.75,18,71.68,-5.6299999999999955,2022-12-01,2023-05-01
2018-01-23,2022,84.8,21,71.68,-5.6299999999999955,2022-12-01,2023-05-01
2018-01-24,2022,84.8,21,71.68,-5.6299999999999955,2022-12-01,2023-05-01
2018-01-25,2022,84.8,21,71.68,-5.6299999999999955,2022-12-01,2023-05-01
2018-01-26,2022,84.8,21,71.68,-5.6299999999999955,2022-12-01,2023-05-01
2018-01-29,2022,84.7,19,71.68,-5.6299999999999955,2022-12-01,2023-05-01
2018-01-30,2022,82.07,19,71.68,-5.6299999999999955,2022-12-01,2023-05-01
2018-01-31,2022,82.07,19,71.68,-5.6299999999999955,2022-12-01,2023-05-01
2018-02-01,2022,82.07,19,71.68,-5.6299999999999955,2022-12-01,2023-05-01
2018-02-02,2022,83.39,20,71.68,-5.6299999999999955,2022-12-01,2023-05-01
2018-02-05,2022,83.39,20,71.68,-5.6299999999999955,2022-12-01,2023-05-01
2018-02-06,2022,83.39,22,71.68,-5.6299999999999955,2022-12-01,2023-05-01
2018-02-07,2022,83.39,22,71.68,-5.6299999999999955,2022-12-01,2023-05-01
2018-02-08,2022,83.0,21,71.68,-5.6299999999999955,2022-12-01,2023-05-01
2018-02-09,2022,83.85,20,71.68,-5.6299999999999955,2022-12-01,2023-05-01
2018-02-14,2022,83.0,19,71.68,-5.6299999999999955,2022-12-01,2023-05-01
2018-02-15,2022,82.7,20,71.68,-5.6299999999999955,2022-12-01,2023-05-01
2018-02-16,2022,82.7,20,71.68,-5.6299999999999955,2022-12-01,2023-05-01
2018-02-19,2022,82.7,19,71.68,-5.6299999999999955,2022-12-01,2023-05-01
2018-02-20,2022,82.7,19,71.68,-5.6299999999999955,2022-12-01,2023-05-01
2018-02-21,2022,82.7,19,71.68,-5.6299999999999955,2022-12-01,2023-05-01
2018-02-22,2022,82.7,20,71.68,-5.6299999999999955,2022-12-01,2023-05-01
2018-02-23,2022,82.7,20,71.68,-5.6299999999999955,2022-12-01,2023-05-01
2018-02-26,2022,82.7,20,71.68,-5.6299999999999955,2022-12-01,2023-05-01
2018-02-27,2022,82.7,20,71.68,-5.6299999999999955,2022-12-01,2023-05-01
2018-02-28,2022,82.7,20,71.68,-5.6299999999999955,2022-12-01,2023-05-01
2018-03-01,2022,82.7,20,71.68,-5.6299999999999955,2022-12-01,2023-05-01
2018-03-02,2022,82.7,20,71.68,-5.6299999999999955,2022-12-01,2023-05-01
2018-03-05,2022,82.7,19,71.68,-5.6299999999999955,2022-12-01,2023-05-01
2018-03-06,2022,82.7,19,71.68,-5.6299999999999955,2022-12-01,2023-05-01
2018-03-07,2022,82.7,19,71.68,-5.6299999999999955,2022-12-01,2023-05-01
2018-03-08,2022,82.7,19,71.68,-5.6299999999999955,2022-12-01,2023-05-01
2018-03-09,2022,82.7,19,71.68,-5.6299999999999955,2022-12-01,2023-05-01
2018-03-12,2022,82.25,18,71.68,-5.6299999999999955,2022-12-01,2023-05-01
2018-03-13,2022,82.65,18,71.68,-5.6299999999999955,2022-12-01,2023-05-01
2018-03-14,2022,82.6,19,71.68,-5.6299999999999955,2022-12-01,2023-05-01
2018-03-15,2022,82.6,19,71.68,-5.6299999999999955,2022-12-01,2023-05-01
2018-03-16,2022,82.6,19,71.68,-5.6299999999999955,2022-12-01,2023-05-01
2018-03-19,2022,82.4,16,71.68,-5.6299999999999955,2022-12-01,2023-05-01
2018-03-20,2022,82.6,17,71.68,-5.6299999999999955,2022-12-01,2023-05-01
2018-03-21,2022,82.6,17,71.68,-5.6299999999999955,2022-12-01,2023-05-01
2018-03-22,2022,82.6,17,71.68,-5.6299999999999955,2022-12-01,2023-05-01
2018-03-23,2022,82.4,16,71.68,-5.6299999999999955,2022-12-01,2023-05-01
2018-03-26,2022,82.0,14,71.68,-5.6299999999999955,2022-12-01,2023-05-01
2018-03-27,2022,82.0,14,71.68,-5.6299999999999955,2022-12-01,2023-05-01
2018-03-28,2022,82.2,15,71.68,-5.6299999999999955,2022-12-01,2023-05-01
2018-03-29,2022,82.2,15,71.68,-5.6299999999999955,2022-12-01,2023-05-01
2018-04-02,2022,82.0,16,71.68,-5.6299999999999955,2022-12-01,2023-05-01
2018-04-03,2022,82.0,16,71.68,-5.6299999999999955,2022-12-01,2023-05-01
2018-04-04,2022,82.0,16,71.68,-5.6299999999999955,2022-12-01,2023-05-01
2018-04-05,2022,82.0,16,71.68,-5.6299999999999955,2022-12-01,2023-05-01
2018-04-06,2022,82.0,16,71.68,-5.6299999999999955,2022-12-01,2023-05-01
2018-04-09,2022,82.6,17,71.68,-5.6299999999999955,2022-12-01,2023-05-01
2018-04-10,2022,82.6,17,71.68,-5.6299999999999955,2022-12-01,2023-05-01
2018-04-11,2022,82.6,17,71.68,-5.6299999999999955,2022-12-01,2023-05-01
2018-04-12,2022,82.6,17,71.68,-5.6299999999999955,2022-12-01,2023-05-01
2018-04-13,2022,82.6,17,71.68,-5.6299999999999955,2022-12-01,2023-05-01
2018-04-16,2022,82.6,17,71.68,-5.6299999999999955,2022-12-01,2023-05-01
2018-04-17,2022,82.6,17,71.68,-5.6299999999999955,2022-12-01,2023-05-01
2018-04-18,2022,82.6,17,71.68,-5.6299999999999955,2022-12-01,2023-05-01
2018-04-19,2022,82.7,19,71.68,-5.6299999999999955,2022-12-01,2023-05-01
2018-04-20,2022,82.7,19,71.68,-5.6299999999999955,2022-12-01,2023-05-01
2018-04-23,2022,82.7,19,71.68,-5.6299999999999955,2022-12-01,2023-05-01
2018-04-24,2022,82.7,19,71.68,-5.6299999999999955,2022-12-01,2023-05-01
2018-04-25,2022,82.7,19,71.68,-5.6299999999999955,2022-12-01,2023-05-01
2018-04-26,2022,82.7,19,71.68,-5.6299999999999955,2022-12-01,2023-05-01
2018-04-27,2022,82.7,19,71.68,-5.6299999999999955,2022-12-01,2023-05-01
2018-04-30,2022,82.25,18,71.68,-5.6299999999999955,2022-12-01,2023-05-01
2018-05-02,2022,82.25,18,71.68,-5.6299999999999955,2022-12-01,2023-05-01
2018-05-03,2022,82.7,17,71.68,-5.6299999999999955,2022-12-01,2023-05-01
2018-05-04,2022,82.7,17,71.68,-5.6299999999999955,2022-12-01,2023-05-01
2018-05-07,2022,82.7,17,71.68,-5.6299999999999955,2022-12-01,2023-05-01
2018-05-08,2022,82.7,17,71.68,-5.6299999999999955,2022-12-01,2023-05-01
2018-05-09,2022,82.25,18,71.68,-5.6299999999999955,2022-12-01,2023-05-01
2018-05-10,2022,81.8,17,71.68,-5.6299999999999955,2022-12-01,2023-05-01
2018-05-11,2022,82.25,18,71.68,-5.6299999999999955,2022-12-01,2023-05-01
2018-05-14,2022,82.7,17,71.68,-5.6299999999999955,2022-12-01,2023-05-01
2018-05-15,2022,82.85,18,71.68,-5.6299999999999955,2022-12-01,2023-05-01
2018-05-16,2022,82.85,18,71.68,-5.6299999999999955,2022-12-01,2023-05-01
2018-05-17,2022,83.0,17,71.68,-5.6299999999999955,2022-12-01,2023-05-01
2018-05-18,2022,83.0,17,71.68,-5.6299999999999955,2022-12-01,2023-05-01
2018-05-21,2022,82.7,15,71.68,-5.6299999999999955,2022-12-01,2023-05-01
2018-05-22,2022,82.25,16,71.68,-5.6299999999999955,2022-12-01,2023-05-01
2018-05-23,2022,82.25,16,71.68,-5.6299999999999955,2022-12-01,2023-05-01
2018-05-24,2022,82.25,16,71.68,-5.6299999999999955,2022-12-01,2023-05-01
2018-05-25,2022,82.25,16,71.68,-5.6299999999999955,2022-12-01,2023-05-01
2018-05-28,2022,82.25,16,71.68,-5.6299999999999955,2022-12-01,2023-05-01
2018-05-29,2022,82.25,16,71.68,-5.6299999999999955,2022-12-01,2023-05-01
2018-05-30,2022,82.25,16,71.68,-5.6299999999999955,2022-12-01,2023-05-01
2018-06-01,2022,82.25,16,71.68,-5.6299999999999955,2022-12-01,2023-05-01
2018-06-04,2022,82.25,16,71.68,-5.6299999999999955,2022-12-01,2023-05-01
2018-06-05,2022,82.1,16,71.68,-5.6299999999999955,2022-12-01,2023-05-01
2018-06-06,2022,82.1,16,71.68,-5.6299999999999955,2022-12-01,2023-05-01
2018-06-07,2022,82.55,16,71.68,-5.6299999999999955,2022-12-01,2023-05-01
2018-06-08,2022,82.85,16,71.68,-5.6299999999999955,2022-12-01,2023-05-01
2018-06-11,2022,82.7,15,71.68,-5.6299999999999955,2022-12-01,2023-05-01
2018-06-12,2022,82.7,15,71.68,-5.6299999999999955,2022-12-01,2023-05-01
2018-06-13,2022,82.85,16,71.68,-5.6299999999999955,2022-12-01,2023-05-01
2018-06-14,2022,82.85,16,71.68,-5.6299999999999955,2022-12-01,2023-05-01
2018-06-15,2022,82.85,16,71.68,-5.6299999999999955,2022-12-01,2023-05-01
2018-06-18,2022,82.85,16,71.68,-5.6299999999999955,2022-12-01,2023-05-01
2018-06-19,2022,82.85,16,71.68,-5.6299999999999955,2022-12-01,2023-05-01
2018-06-20,2022,82.85,16,71.68,-5.6299999999999955,2022-12-01,2023-05-01
2018-06-21,2022,82.85,16,71.68,-5.6299999999999955,2022-12-01,2023-05-01
2018-06-22,2022,82.85,16,71.68,-5.6299999999999955,2022-12-01,2023-05-01
2018-06-25,2022,82.85,16,71.68,-5.6299999999999955,2022-12-01,2023-05-01
2018-06-26,2022,82.85,16,71.68,-5.6299999999999955,2022-12-01,2023-05-01
2018-06-27,2022,82.85,16,71.68,-5.6299999999999955,2022-12-01,2023-05-01
2018-06-28,2022,82.85,16,71.68,-5.6299999999999955,2022-12-01,2023-05-01
2018-06-29,2022,83.0,17,71.68,-5.6299999999999955,2022-12-01,2023-05-01
2018-07-02,2022,83.0,17,71.68,-5.6299999999999955,2022-12-01,2023-05-01
2018-07-03,2022,83.0,17,71.68,-5.6299999999999955,2022-12-01,2023-05-01
2018-07-04,2022,82.85,18,71.68,-5.6299999999999955,2022-12-01,2023-05-01
2018-07-05,2022,82.85,18,71.68,-5.6299999999999955,2022-12-01,2023-05-01
2018-07-06,2022,82.85,18,71.68,-5.6299999999999955,2022-12-01,2023-05-01
2018-07-09,2022,82.85,16,71.68,-5.6299999999999955,2022-12-01,2023-05-01
2018-07-10,2022,82.85,16,71.68,-5.6299999999999955,2022-12-01,2023-05-01
2018-07-11,2022,83.0,17,71.68,-5.6299999999999955,2022-12-01,2023-05-01
2018-07-12,2022,83.0,17,71.68,-5.6299999999999955,2022-12-01,2023-05-01
2018-07-13,2022,83.0,17,71.68,-5.6299999999999955,2022-12-01,2023-05-01
2018-07-16,2022,83.0,17,71.68,-5.6299999999999955,2022-12-01,2023-05-01
2018-07-17,2022,83.0,18,71.68,-5.6299999999999955,2022-12-01,2023-05-01
2018-07-18,2022,83.0,18,71.68,-5.6299999999999955,2022-12-01,2023-05-01
2018-07-19,2022,83.0,18,71.68,-5.6299999999999955,2022-12-01,2023-05-01
2018-07-20,2022,83.0,18,71.68,-5.6299999999999955,2022-12-01,2023-05-01
2018-07-23,2022,83.0,18,71.68,-5.6299999999999955,2022-12-01,2023-05-01
2018-07-24,2022,83.0,18,71.68,-5.6299999999999955,2022-12-01,2023-05-01
2018-07-25,2022,83.0,18,71.68,-5.6299999999999955,2022-12-01,2023-05-01
2018-07-26,2022,83.0,18,71.68,-5.6299999999999955,2022-12-01,2023-05-01
2018-07-27,2022,83.0,18,71.68,-5.6299999999999955,2022-12-01,2023-05-01
2018-07-30,2022,82.85,16,71.68,-5.6299999999999955,2022-12-01,2023-05-01
2018-07-31,2022,83.0,17,71.68,-5.6299999999999955,2022-12-01,2023-05-01
2018-08-01,2022,83.0,17,71.68,-5.6299999999999955,2022-12-01,2023-05-01
2018-08-02,2022,83.0,17,71.68,-5.6299999999999955,2022-12-01,2023-05-01
2018-08-03,2022,83.0,17,71.68,-5.6299999999999955,2022-12-01,2023-05-01
2018-08-06,2022,83.0,15,71.68,-5.6299999999999955,2022-12-01,2023-05-01
2018-08-07,2022,83.0,16,71.68,-5.6299999999999955,2022-12-01,2023-05-01
2018-08-08,2022,83.0,16,71.68,-5.6299999999999955,2022-12-01,2023-05-01
2018-08-09,2022,83.0,17,71.68,-5.6299999999999955,2022-12-01,2023-05-01
2018-08-10,2022,82.7,15,71.68,-5.6299999999999955,2022-12-01,2023-05-01
2018-08-13,2022,82.55,16,71.68,-5.6299999999999955,2022-12-01,2023-05-01
2018-08-14,2022,82.55,16,71.68,-5.6299999999999955,2022-12-01,2023-05-01
2018-08-15,2022,82.55,16,71.68,-5.6299999999999955,2022-12-01,2023-05-01
2018-08-16,2022,82.55,16,71.68,-5.6299999999999955,2022-12-01,2023-05-01
2018-08-17,2022,82.55,16,71.68,-5.6299999999999955,2022-12-01,2023-05-01
2018-08-20,2022,82.4,15,71.68,-5.6299999999999955,2022-12-01,2023-05-01
2018-08-21,2022,82.4,15,71.68,-5.6299999999999955,2022-12-01,2023-05-01
2018-08-22,2022,82.85,18,71.68,-5.6299999999999955,2022-12-01,2023-05-01
2018-08-23,2022,83.0,19,71.68,-5.6299999999999955,2022-12-01,2023-05-01
2018-08-24,2022,82.7,19,71.68,-5.6299999999999955,2022-12-01,2023-05-01
2018-08-27,2022,82.7,19,71.68,-5.6299999999999955,2022-12-01,2023-05-01
2018-08-28,2022,82.9,19,71.68,-5.6299999999999955,2022-12-01,2023-05-01
2018-08-29,2022,82.9,19,71.68,-5.6299999999999955,2022-12-01,2023-05-01
2018-08-30,2022,82.9,19,71.68,-5.6299999999999955,2022-12-01,2023-05-01
2018-08-31,2022,82.9,19,71.68,-5.6299999999999955,2022-12-01,2023-05-01
2018-09-03,2022,82.9,19,71.68,-5.6299999999999955,2022-12-01,2023-05-01
2018-09-04,2022,82.9,19,71.68,-5.6299999999999955,2022-12-01,2023-05-01
2018-09-05,2022,82.9,19,71.68,-5.6299999999999955,2022-12-01,2023-05-01
2018-09-06,2022,82.9,19,71.68,-5.6299999999999955,2022-12-01,2023-05-01
2018-09-10,2022,83.0,17,71.68,-5.6299999999999955,2022-12-01,2023-05-01
2018-09-11,2022,83.0,17,71.68,-5.6299999999999955,2022-12-01,2023-05-01
2018-09-12,2022,83.0,17,71.68,-5.6299999999999955,2022-12-01,2023-05-01
2018-09-13,2022,83.0,16,71.68,-5.6299999999999955,2022-12-01,2023-05-01
2018-09-14,2022,83.0,17,71.68,-5.6299999999999955,2022-12-01,2023-05-01
2018-09-17,2022,83.0,17,71.68,-5.6299999999999955,2022-12-01,2023-05-01
2018-09-18,2022,83.0,17,71.68,-5.6299999999999955,2022-12-01,2023-05-01
2018-09-19,2022,83.0,17,71.68,-5.6299999999999955,2022-12-01,2023-05-01
2018-09-20,2022,83.0,17,71.68,-5.6299999999999955,2022-12-01,2023-05-01
2018-09-21,2022,83.0,17,71.68,-5.6299999999999955,2022-12-01,2023-05-01
2018-09-24,2022,83.0,16,71.68,-5.6299999999999955,2022-12-01,2023-05-01
2018-09-25,2022,83.0,16,71.68,-5.6299999999999955,2022-12-01,2023-05-01
2018-09-26,2022,83.0,16,71.68,-5.6299999999999955,2022-12-01,2023-05-01
2018-09-27,2022,83.0,16,71.68,-5.6299999999999955,2022-12-01,2023-05-01
2018-09-28,2022,83.0,16,71.68,-5.6299999999999955,2022-12-01,2023-05-01
2018-10-01,2022,83.0,16,71.68,-5.6299999999999955,2022-12-01,2023-05-01
2018-10-02,2022,83.0,16,71.68,-5.6299999999999955,2022-12-01,2023-05-01
2018-10-03,2022,83.0,16,71.68,-5.6299999999999955,2022-12-01,2023-05-01
2018-10-04,2022,83.0,16,71.68,-5.6299999999999955,2022-12-01,2023-05-01
2018-10-05,2022,83.0,16,71.68,-5.6299999999999955,2022-12-01,2023-05-01
2018-10-08,2022,83.0,17,71.68,-5.6299999999999955,2022-12-01,2023-05-01
2018-10-09,2022,83.0,17,71.68,-5.6299999999999955,2022-12-01,2023-05-01
2018-10-10,2022,83.0,17,71.68,-5.6299999999999955,2022-12-01,2023-05-01
2018-10-11,2022,83.0,17,71.68,-5.6299999999999955,2022-12-01,2023-05-01
2018-10-15,2022,83.0,15,71.68,-5.6299999999999955,2022-12-01,2023-05-01
2018-10-16,2022,83.0,15,71.68,-5.6299999999999955,2022-12-01,2023-05-01
2018-10-17,2022,83.0,15,71.68,-5.6299999999999955,2022-12-01,2023-05-01
2018-10-18,2022,83.0,14,71.68,-5.6299999999999955,2022-12-01,2023-05-01
2018-10-19,2022,83.0,14,71.68,-5.6299999999999955,2022-12-01,2023-05-01
2018-10-22,2022,83.0,15,71.68,-5.6299999999999955,2022-12-01,2023-05-01
2018-10-23,2022,83.0,15,71.68,-5.6299999999999955,2022-12-01,2023-05-01
2018-10-24,2022,83.0,15,71.68,-5.6299999999999955,2022-12-01,2023-05-01
2018-10-25,2022,83.0,16,71.68,-5.6299999999999955,2022-12-01,2023-05-01
2018-10-26,2022,83.0,17,71.68,-5.6299999999999955,2022-12-01,2023-05-01
2018-10-29,2022,83.0,17,71.68,-5.6299999999999955,2022-12-01,2023-05-01
2018-10-30,2022,83.0,17,71.68,-5.6299999999999955,2022-12-01,2023-05-01
2018-10-31,2022,83.0,17,71.68,-5.6299999999999955,2022-12-01,2023-05-01
2018-11-01,2022,83.0,17,71.68,-5.6299999999999955,2022-12-01,2023-05-01
2018-11-05,2022,83.0,16,71.68,-5.6299999999999955,2022-12-01,2023-05-01
2018-11-06,2022,83.0,16,71.68,-5.6299999999999955,2022-12-01,2023-05-01
2018-11-07,2022,83.0,16,71.68,-5.6299999999999955,2022-12-01,2023-05-01
2018-11-08,2022,83.0,17,71.68,-5.6299999999999955,2022-12-01,2023-05-01
2018-11-09,2022,83.0,17,71.68,-5.6299999999999955,2022-12-01,2023-05-01
2018-11-12,2022,83.0,17,71.68,-5.6299999999999955,2022-12-01,2023-05-01
2018-11-13,2022,83.0,17,71.68,-5.6299999999999955,2022-12-01,2023-05-01
2018-11-14,2022,82.95,18,71.68,-5.6299999999999955,2022-12-01,2023-05-01
2018-11-16,2022,82.95,18,71.68,-5.6299999999999955,2022-12-01,2023-05-01
2018-11-19,2022,82.95,18,71.68,-5.6299999999999955,2022-12-01,2023-05-01
2018-11-20,2022,82.95,18,71.68,-5.6299999999999955,2022-12-01,2023-05-01
2018-11-21,2022,82.85,18,71.68,-5.6299999999999955,2022-12-01,2023-05-01
2018-11-22,2022,82.7,17,71.68,-5.6299999999999955,2022-12-01,2023-05-01
2018-11-23,2022,82.7,17,71.68,-5.6299999999999955,2022-12-01,2023-05-01
2018-11-26,2022,82.7,17,71.68,-5.6299999999999955,2022-12-01,2023-05-01
2018-11-27,2022,82.7,17,71.68,-5.6299999999999955,2022-12-01,2023-05-01
2018-11-28,2022,82.7,17,71.68,-5.6299999999999955,2022-12-01,2023-05-01
2018-11-29,2022,82.7,17,71.68,-5.6299999999999955,2022-12-01,2023-05-01
2018-11-30,2022,82.85,18,71.68,-5.6299999999999955,2022-12-01,2023-05-01
2018-12-03,2022,82.85,18,71.68,-5.6299999999999955,2022-12-01,2023-05-01
2018-12-04,2022,82.85,18,71.68,-5.6299999999999955,2022-12-01,2023-05-01
2018-12-05,2022,82.85,18,71.68,-5.6299999999999955,2022-12-01,2023-05-01
2018-12-06,2022,82.85,18,71.68,-5.6299999999999955,2022-12-01,2023-05-01
2018-12-07,2022,82.85,18,71.68,-5.6299999999999955,2022-12-01,2023-05-01
2018-12-10,2022,82.3,15,71.68,-5.6299999999999955,2022-12-01,2023-05-01
2018-12-11,2022,82.7,17,71.68,-5.6299999999999955,2022-12-01,2023-05-01
2018-12-12,2022,82.7,17,71.68,-5.6299999999999955,2022-12-01,2023-05-01
2018-12-13,2022,82.7,17,71.68,-5.6299999999999955,2022-12-01,2023-05-01
2018-12-14,2022,82.7,17,71.68,-5.6299999999999955,2022-12-01,2023-05-01
2018-12-17,2022,82.85,18,71.68,-5.6299999999999955,2022-12-01,2023-05-01
2018-12-18,2022,82.7,19,71.68,-5.6299999999999955,2022-12-01,2023-05-01
2018-12-19,2022,82.7,19,71.68,-5.6299999999999955,2022-12-01,2023-05-01
2018-12-20,2022,82.7,19,71.68,-5.6299999999999955,2022-12-01,2023-05-01
2018-12-21,2022,82.38,18,71.68,-5.6299999999999955,2022-12-01,2023-05-01
2018-12-24,2022,82.38,18,71.68,-5.6299999999999955,2022-12-01,2023-05-01
2018-12-26,2022,82.38,18,71.68,-5.6299999999999955,2022-12-01,2023-05-01
2018-12-27,2022,82.38,18,71.68,-5.6299999999999955,2022-12-01,2023-05-01
2018-12-28,2022,82.03,18,71.68,-5.6299999999999955,2022-12-01,2023-05-01
2018-12-31,2022,82.03,18,71.68,-5.6299999999999955,2022-12-01,2023-05-01
2019-01-02,2022,82.03,18,71.68,-5.6299999999999955,2022-12-01,2023-05-01
2019-01-03,2022,82.03,18,71.68,-5.6299999999999955,2022-12-01,2023-05-01
2019-01-04,2022,82.03,18,71.68,-5.6299999999999955,2022-12-01,2023-05-01
2019-01-07,2022,82.03,16,71.68,-5.6299999999999955,2022-12-01,2023-05-01
2019-01-08,2022,82.03,16,71.68,-5.6299999999999955,2022-12-01,2023-05-01
2019-01-09,2022,82.03,16,71.68,-5.6299999999999955,2022-12-01,2023-05-01
2019-01-10,2022,82.03,16,71.68,-5.6299999999999955,2022-12-01,2023-05-01
2019-01-11,2022,82.05,17,71.68,-5.6299999999999955,2022-12-01,2023-05-01
2019-01-14,2022,82.05,17,71.68,-5.6299999999999955,2022-12-01,2023-05-01
2019-01-15,2022,82.05,17,71.68,-5.6299999999999955,2022-12-01,2023-05-01
2019-01-16,2022,82.05,17,71.68,-5.6299999999999955,2022-12-01,2023-05-01
2019-01-17,2022,82.05,17,71.68,-5.6299999999999955,2022-12-01,2023-05-01
2019-01-18,2022,82.05,17,71.68,-5.6299999999999955,2022-12-01,2023-05-01
2019-01-21,2022,82.05,17,71.68,-5.6299999999999955,2022-12-01,2023-05-01
2019-01-22,2022,82.05,17,71.68,-5.6299999999999955,2022-12-01,2023-05-01
2019-01-23,2022,82.05,17,71.68,-5.6299999999999955,2022-12-01,2023-05-01
2019-01-24,2022,82.05,17,71.68,-5.6299999999999955,2022-12-01,2023-05-01
2019-01-25,2022,82.05,17,71.68,-5.6299999999999955,2022-12-01,2023-05-01
2019-01-28,2022,82.03,16,71.68,-5.6299999999999955,2022-12-01,2023-05-01
2019-01-29,2022,82.03,16,71.68,-5.6299999999999955,2022-12-01,2023-05-01
2019-01-30,2022,82.03,16,71.68,-5.6299999999999955,2022-12-01,2023-05-01
2019-01-31,2022,82.03,16,71.68,-5.6299999999999955,2022-12-01,2023-05-01
2019-02-01,2022,82.0,17,71.68,-5.6299999999999955,2022-12-01,2023-05-01
2019-02-04,2022,82.0,17,71.68,-5.6299999999999955,2022-12-01,2023-05-01
2019-02-05,2022,82.0,17,71.68,-5.6299999999999955,2022-12-01,2023-05-01
2019-02-06,2022,82.0,17,71.68,-5.6299999999999955,2022-12-01,2023-05-01
2019-02-07,2022,82.0,17,71.68,-5.6299999999999955,2022-12-01,2023-05-01
2019-02-08,2022,81.9,18,71.68,-5.6299999999999955,2022-12-01,2023-05-01
2019-02-11,2022,81.8,17,71.68,-5.6299999999999955,2022-12-01,2023-05-01
2019-02-12,2022,81.9,18,71.68,-5.6299999999999955,2022-12-01,2023-05-01
2019-02-13,2022,81.9,18,71.68,-5.6299999999999955,2022-12-01,2023-05-01
2019-02-14,2022,82.0,19,71.68,-5.6299999999999955,2022-12-01,2023-05-01
2019-02-15,2022,82.0,19,71.68,-5.6299999999999955,2022-12-01,2023-05-01
2019-02-18,2022,82.0,19,71.68,-5.6299999999999955,2022-12-01,2023-05-01
2019-02-19,2022,82.0,19,71.68,-5.6299999999999955,2022-12-01,2023-05-01
2019-02-20,2022,82.0,19,71.68,-5.6299999999999955,2022-12-01,2023-05-01
2019-02-21,2022,82.0,19,71.68,-5.6299999999999955,2022-12-01,2023-05-01
2019-02-22,2022,82.0,19,71.68,-5.6299999999999955,2022-12-01,2023-05-01
2019-02-25,2022,82.0,19,71.68,-5.6299999999999955,2022-12-01,2023-05-01
2019-02-26,2022,82.0,19,71.68,-5.6299999999999955,2022-12-01,2023-05-01
2019-02-27,2022,82.0,19,71.68,-5.6299999999999955,2022-12-01,2023-05-01
2019-02-28,2022,82.0,19,71.68,-5.6299999999999955,2022-12-01,2023-05-01
2019-03-01,2022,82.0,19,71.68,-5.6299999999999955,2022-12-01,2023-05-01
2019-03-06,2022,82.05,17,71.68,-5.6299999999999955,2022-12-01,2023-05-01
2019-03-07,2022,82.05,17,71.68,-5.6299999999999955,2022-12-01,2023-05-01
2019-03-08,2022,81.93,18,71.68,-5.6299999999999955,2022-12-01,2023-05-01
2019-03-11,2022,82.05,17,71.68,-5.6299999999999955,2022-12-01,2023-05-01
2019-03-12,2022,82.05,17,71.68,-5.6299999999999955,2022-12-01,2023-05-01
2019-03-13,2022,82.05,17,71.68,-5.6299999999999955,2022-12-01,2023-05-01
2019-03-14,2022,82.05,17,71.68,-5.6299999999999955,2022-12-01,2023-05-01
2019-03-15,2022,82.03,18,71.68,-5.6299999999999955,2022-12-01,2023-05-01
2019-03-18,2022,82.0,17,71.68,-5.6299999999999955,2022-12-01,2023-05-01
2019-03-19,2022,82.0,17,71.68,-5.6299999999999955,2022-12-01,2023-05-01
2019-03-20,2022,82.03,18,71.68,-5.6299999999999955,2022-12-01,2023-05-01
2019-03-21,2022,82.03,18,71.68,-5.6299999999999955,2022-12-01,2023-05-01
2019-03-22,2022,82.03,18,71.68,-5.6299999999999955,2022-12-01,2023-05-01
2019-03-25,2022,82.0,17,71.68,-5.6299999999999955,2022-12-01,2023-05-01
2019-03-26,2022,82.05,19,71.68,-5.6299999999999955,2022-12-01,2023-05-01
2019-03-27,2022,82.05,19,71.68,-5.6299999999999955,2022-12-01,2023-05-01
2019-03-28,2022,82.13,20,71.68,-5.6299999999999955,2022-12-01,2023-05-01
2019-03-29,2022,82.13,20,71.68,-5.6299999999999955,2022-12-01,2023-05-01
2019-04-01,2022,82.13,20,71.68,-5.6299999999999955,2022-12-01,2023-05-01
2019-04-02,2022,82.13,20,71.68,-5.6299999999999955,2022-12-01,2023-05-01
2019-04-03,2022,82.13,20,71.68,-5.6299999999999955,2022-12-01,2023-05-01
2019-04-04,2022,82.13,20,71.68,-5.6299999999999955,2022-12-01,2023-05-01
2019-04-05,2022,82.13,20,71.68,-5.6299999999999955,2022-12-01,2023-05-01
2019-04-08,2022,82.13,20,71.68,-5.6299999999999955,2022-12-01,2023-05-01
2019-04-09,2022,82.13,20,71.68,-5.6299999999999955,2022-12-01,2023-05-01
2019-04-10,2022,82.13,20,71.68,-5.6299999999999955,2022-12-01,2023-05-01
2019-04-11,2022,82.13,20,71.68,-5.6299999999999955,2022-12-01,2023-05-01
2019-04-12,2022,82.13,20,71.68,-5.6299999999999955,2022-12-01,2023-05-01
2019-04-15,2022,82.2,17,71.68,-5.6299999999999955,2022-12-01,2023-05-01
2019-04-16,2022,82.2,19,71.68,-5.6299999999999955,2022-12-01,2023-05-01
2019-04-17,2022,82.2,19,71.68,-5.6299999999999955,2022-12-01,2023-05-01
2019-04-18,2022,82.2,19,71.68,-5.6299999999999955,2022-12-01,2023-05-01
2019-04-22,2022,82.0,19,71.68,-5.6299999999999955,2022-12-01,2023-05-01
2019-04-23,2022,82.0,19,71.68,-5.6299999999999955,2022-12-01,2023-05-01
2019-04-24,2022,82.0,19,71.68,-5.6299999999999955,2022-12-01,2023-05-01
2019-04-25,2022,82.0,19,71.68,-5.6299999999999955,2022-12-01,2023-05-01
2019-04-26,2022,81.9,18,71.68,-5.6299999999999955,2022-12-01,2023-05-01
2019-04-29,2022,81.8,17,71.68,-5.6299999999999955,2022-12-01,2023-05-01
2019-04-30,2022,81.8,17,71.68,-5.6299999999999955,2022-12-01,2023-05-01
2019-05-02,2022,81.8,17,71.68,-5.6299999999999955,2022-12-01,2023-05-01
2019-05-03,2022,81.5,18,71.68,-5.6299999999999955,2022-12-01,2023-05-01
2019-05-06,2022,81.9,18,71.68,-5.6299999999999955,2022-12-01,2023-05-01
2019-05-07,2022,81.8,19,71.68,-5.6299999999999955,2022-12-01,2023-05-01
2019-05-08,2022,82.35,20,71.68,-5.6299999999999955,2022-12-01,2023-05-01
2019-05-09,2022,82.35,20,71.68,-5.6299999999999955,2022-12-01,2023-05-01
2019-05-10,2022,82.35,20,71.68,-5.6299999999999955,2022-12-01,2023-05-01
2019-05-13,2022,82.0,19,71.68,-5.6299999999999955,2022-12-01,2023-05-01
2019-05-14,2022,82.0,19,71.68,-5.6299999999999955,2022-12-01,2023-05-01
2019-05-15,2022,82.0,19,71.68,-5.6299999999999955,2022-12-01,2023-05-01
2019-05-16,2022,82.7,19,71.68,-5.6299999999999955,2022-12-01,2023-05-01
2019-05-17,2022,82.35,20,71.68,-5.6299999999999955,2022-12-01,2023-05-01
2019-05-20,2022,82.7,21,71.68,-5.6299999999999955,2022-12-01,2023-05-01
2019-05-21,2022,82.7,21,71.68,-5.6299999999999955,2022-12-01,2023-05-01
2019-05-22,2022,82.7,21,71.68,-5.6299999999999955,2022-12-01,2023-05-01
2019-05-23,2022,82.7,21,71.68,-5.6299999999999955,2022-12-01,2023-05-01
2019-05-24,2022,82.7,21,71.68,-5.6299999999999955,2022-12-01,2023-05-01
2019-05-27,2022,82.7,21,71.68,-5.6299999999999955,2022-12-01,2023-05-01
2019-05-28,2022,82.7,21,71.68,-5.6299999999999955,2022-12-01,2023-05-01
2019-05-29,2022,82.7,21,71.68,-5.6299999999999955,2022-12-01,2023-05-01
2019-05-30,2022,82.7,21,71.68,-5.6299999999999955,2022-12-01,2023-05-01
2019-05-31,2022,82.7,21,71.68,-5.6299999999999955,2022-12-01,2023-05-01
2019-06-03,2022,83.0,17,71.68,-5.6299999999999955,2022-12-01,2023-05-01
2019-06-04,2022,83.5,18,71.68,-5.6299999999999955,2022-12-01,2023-05-01
2019-06-05,2022,83.5,18,71.68,-5.6299999999999955,2022-12-01,2023-05-01
2019-06-06,2022,83.5,18,71.68,-5.6299999999999955,2022-12-01,2023-05-01
2019-06-07,2022,82.5,18,71.68,-5.6299999999999955,2022-12-01,2023-05-01
2019-06-10,2022,82.1,18,71.68,-5.6299999999999955,2022-12-01,2023-05-01
2019-06-11,2022,82.1,18,71.68,-5.6299999999999955,2022-12-01,2023-05-01
2019-06-12,2022,82.1,18,71.68,-5.6299999999999955,2022-12-01,2023-05-01
2019-06-13,2022,82.1,18,71.68,-5.6299999999999955,2022-12-01,2023-05-01
2019-06-14,2022,82.1,18,71.68,-5.6299999999999955,2022-12-01,2023-05-01
2019-06-17,2022,83.1,16,71.68,-5.6299999999999955,2022-12-01,2023-05-01
2019-06-18,2022,83.1,16,71.68,-5.6299999999999955,2022-12-01,2023-05-01
2019-06-19,2022,83.1,16,71.68,-5.6299999999999955,2022-12-01,2023-05-01
2019-06-21,2022,82.6,18,71.68,-5.6299999999999955,2022-12-01,2023-05-01
2019-06-24,2022,82.6,18,71.68,-5.6299999999999955,2022-12-01,2023-05-01
2019-06-25,2022,82.6,18,71.68,-5.6299999999999955,2022-12-01,2023-05-01
2019-06-26,2022,82.6,18,71.68,-5.6299999999999955,2022-12-01,2023-05-01
2019-06-27,2022,82.6,18,71.68,-5.6299999999999955,2022-12-01,2023-05-01
2019-06-28,2022,82.2,19,71.68,-5.6299999999999955,2022-12-01,2023-05-01
2019-07-01,2022,82.2,19,71.68,-5.6299999999999955,2022-12-01,2023-05-01
2019-07-02,2022,82.2,19,71.68,-5.6299999999999955,2022-12-01,2023-05-01
2019-07-03,2022,82.2,19,71.68,-5.6299999999999955,2022-12-01,2023-05-01
2019-07-04,2022,82.2,19,71.68,-5.6299999999999955,2022-12-01,2023-05-01
2019-07-05,2022,82.07,19,71.68,-5.6299999999999955,2022-12-01,2023-05-01
2019-07-08,2022,82.04,18,71.68,-5.6299999999999955,2022-12-01,2023-05-01
2019-07-09,2022,82.04,18,71.68,-5.6299999999999955,2022-12-01,2023-05-01
2019-07-10,2022,82.04,18,71.68,-5.6299999999999955,2022-12-01,2023-05-01
2019-07-11,2022,82.0,17,71.68,-5.6299999999999955,2022-12-01,2023-05-01
2019-07-12,2022,82.0,17,71.68,-5.6299999999999955,2022-12-01,2023-05-01
2019-07-15,2022,82.07,17,71.68,-5.6299999999999955,2022-12-01,2023-05-01
2019-07-16,2022,82.04,18,71.68,-5.6299999999999955,2022-12-01,2023-05-01
2019-07-17,2022,82.04,18,71.68,-5.6299999999999955,2022-12-01,2023-05-01
2019-07-18,2022,82.0,17,71.68,-5.6299999999999955,2022-12-01,2023-05-01
2019-07-19,2022,82.0,17,71.68,-5.6299999999999955,2022-12-01,2023-05-01
2019-07-22,2022,80.9,15,71.68,-5.6299999999999955,2022-12-01,2023-05-01
2019-07-23,2022,81.45,16,71.68,-5.6299999999999955,2022-12-01,2023-05-01
2019-07-24,2022,81.45,16,71.68,-5.6299999999999955,2022-12-01,2023-05-01
2019-07-25,2022,82.0,17,71.68,-5.6299999999999955,2022-12-01,2023-05-01
2019-07-26,2022,82.0,17,71.68,-5.6299999999999955,2022-12-01,2023-05-01
2019-07-29,2022,81.95,16,71.68,-5.6299999999999955,2022-12-01,2023-05-01
2019-07-30,2022,81.95,16,71.68,-5.6299999999999955,2022-12-01,2023-05-01
2019-07-31,2022,81.95,16,71.68,-5.6299999999999955,2022-12-01,2023-05-01
2019-08-01,2022,81.95,16,71.68,-5.6299999999999955,2022-12-01,2023-05-01
2019-08-02,2022,81.95,16,71.68,-5.6299999999999955,2022-12-01,2023-05-01
2019-08-05,2022,83.0,15,71.68,-5.6299999999999955,2022-12-01,2023-05-01
2019-08-06,2022,83.0,15,71.68,-5.6299999999999955,2022-12-01,2023-05-01
2019-08-07,2022,83.0,15,71.68,-5.6299999999999955,2022-12-01,2023-05-01
2019-08-08,2022,83.0,15,71.68,-5.6299999999999955,2022-12-01,2023-05-01
2019-08-09,2022,81.3,16,71.68,-5.6299999999999955,2022-12-01,2023-05-01
2019-08-12,2022,81.3,16,71.68,-5.6299999999999955,2022-12-01,2023-05-01
2019-08-13,2022,81.3,16,71.68,-5.6299999999999955,2022-12-01,2023-05-01
2019-08-14,2022,81.3,16,71.68,-5.6299999999999955,2022-12-01,2023-05-01
2019-08-15,2022,81.3,16,71.68,-5.6299999999999955,2022-12-01,2023-05-01
2019-08-16,2022,81.7,17,71.68,-5.6299999999999955,2022-12-01,2023-05-01
2019-08-19,2022,81.7,17,71.68,-5.6299999999999955,2022-12-01,2023-05-01
2019-08-20,2022,81.7,17,71.68,-5.6299999999999955,2022-12-01,2023-05-01
2019-08-21,2022,81.7,17,71.68,-5.6299999999999955,2022-12-01,2023-05-01
2019-08-22,2022,81.7,17,71.68,-5.6299999999999955,2022-12-01,2023-05-01
2019-08-23,2022,80.9,17,71.68,-5.6299999999999955,2022-12-01,2023-05-01
2019-08-26,2022,80.9,17,71.68,-5.6299999999999955,2022-12-01,2023-05-01
2019-08-27,2022,80.9,17,71.68,-5.6299999999999955,2022-12-01,2023-05-01
2019-08-28,2022,80.9,17,71.68,-5.6299999999999955,2022-12-01,2023-05-01
2019-08-29,2022,80.9,17,71.68,-5.6299999999999955,2022-12-01,2023-05-01
2019-08-30,2022,81.85,18,71.68,-5.6299999999999955,2022-12-01,2023-05-01
2019-09-02,2022,81.85,18,71.68,-5.6299999999999955,2022-12-01,2023-05-01
2019-09-03,2022,81.85,18,71.68,-5.6299999999999955,2022-12-01,2023-05-01
2019-09-04,2022,81.85,18,71.68,-5.6299999999999955,2022-12-01,2023-05-01
2019-09-05,2022,81.85,18,71.68,-5.6299999999999955,2022-12-01,2023-05-01
2019-09-06,2022,81.85,18,71.68,-5.6299999999999955,2022-12-01,2023-05-01
2019-09-09,2022,80.9,19,71.68,-5.6299999999999955,2022-12-01,2023-05-01
2019-09-10,2022,80.9,19,71.68,-5.6299999999999955,2022-12-01,2023-05-01
2019-09-11,2022,80.9,19,71.68,-5.6299999999999955,2022-12-01,2023-05-01
2019-09-12,2022,81.85,18,71.68,-5.6299999999999955,2022-12-01,2023-05-01
2019-09-13,2022,80.9,19,71.68,-5.6299999999999955,2022-12-01,2023-05-01
2019-09-16,2022,80.65,16,71.68,-5.6299999999999955,2022-12-01,2023-05-01
2019-09-17,2022,80.7,17,71.68,-5.6299999999999955,2022-12-01,2023-05-01
2019-09-18,2022,80.7,17,71.68,-5.6299999999999955,2022-12-01,2023-05-01
2019-09-19,2022,80.65,16,71.68,-5.6299999999999955,2022-12-01,2023-05-01
2019-09-20,2022,80.65,18,71.68,-5.6299999999999955,2022-12-01,2023-05-01
2019-09-23,2022,80.65,18,71.68,-5.6299999999999955,2022-12-01,2023-05-01
2019-09-24,2022,80.65,18,71.68,-5.6299999999999955,2022-12-01,2023-05-01
2019-09-25,2022,80.65,18,71.68,-5.6299999999999955,2022-12-01,2023-05-01
2019-09-26,2022,80.65,18,71.68,-5.6299999999999955,2022-12-01,2023-05-01
2019-09-27,2022,80.65,18,71.68,-5.6299999999999955,2022-12-01,2023-05-01
2019-09-30,2022,80.65,18,71.68,-5.6299999999999955,2022-12-01,2023-05-01
2019-10-01,2022,80.65,18,71.68,-5.6299999999999955,2022-12-01,2023-05-01
2019-10-02,2022,80.65,18,71.68,-5.6299999999999955,2022-12-01,2023-05-01
2019-10-03,2022,80.7,19,71.68,-5.6299999999999955,2022-12-01,2023-05-01
2019-10-04,2022,80.7,19,71.68,-5.6299999999999955,2022-12-01,2023-05-01
2019-10-07,2022,80.7,19,71.68,-5.6299999999999955,2022-12-01,2023-05-01
2019-10-08,2022,80.7,19,71.68,-5.6299999999999955,2022-12-01,2023-05-01
2019-10-09,2022,80.7,19,71.68,-5.6299999999999955,2022-12-01,2023-05-01
2019-10-10,2022,80.7,19,71.68,-5.6299999999999955,2022-12-01,2023-05-01
2019-10-11,2022,80.65,18,71.68,-5.6299999999999955,2022-12-01,2023-05-01
2019-10-14,2022,80.9,17,71.68,-5.6299999999999955,2022-12-01,2023-05-01
2019-10-15,2022,80.9,17,71.68,-5.6299999999999955,2022-12-01,2023-05-01
2019-10-16,2022,80.9,17,71.68,-5.6299999999999955,2022-12-01,2023-05-01
2019-10-17,2022,80.9,17,71.68,-5.6299999999999955,2022-12-01,2023-05-01
2019-10-18,2022,80.8,18,71.68,-5.6299999999999955,2022-12-01,2023-05-01
2019-10-21,2022,80.9,17,71.68,-5.6299999999999955,2022-12-01,2023-05-01
2019-10-22,2022,80.8,18,71.68,-5.6299999999999955,2022-12-01,2023-05-01
2019-10-23,2022,80.8,18,71.68,-5.6299999999999955,2022-12-01,2023-05-01
2019-10-24,2022,80.9,19,71.68,-5.6299999999999955,2022-12-01,2023-05-01
2019-10-25,2022,80.8,20,71.68,-5.6299999999999955,2022-12-01,2023-05-01
2019-10-28,2022,80.8,20,71.68,-5.6299999999999955,2022-12-01,2023-05-01
2019-10-29,2022,80.8,20,71.68,-5.6299999999999955,2022-12-01,2023-05-01
2019-10-30,2022,80.8,20,71.68,-5.6299999999999955,2022-12-01,2023-05-01
2019-10-31,2022,80.7,19,71.68,-5.6299999999999955,2022-12-01,2023-05-01
2019-11-01,2022,80.7,19,71.68,-5.6299999999999955,2022-12-01,2023-05-01
2019-11-04,2022,80.6,19,71.68,-5.6299999999999955,2022-12-01,2023-05-01
2019-11-05,2022,80.6,19,71.68,-5.6299999999999955,2022-12-01,2023-05-01
2019-11-06,2022,80.6,19,71.68,-5.6299999999999955,2022-12-01,2023-05-01
2019-11-07,2022,80.6,20,71.68,-5.6299999999999955,2022-12-01,2023-05-01
2019-11-08,2022,80.6,21,71.68,-5.6299999999999955,2022-12-01,2023-05-01
2019-11-11,2022,80.4,20,71.68,-5.6299999999999955,2022-12-01,2023-05-01
2019-11-12,2022,80.4,20,71.68,-5.6299999999999955,2022-12-01,2023-05-01
2019-11-13,2022,80.6,21,71.68,-5.6299999999999955,2022-12-01,2023-05-01
2019-11-14,2022,80.6,21,71.68,-5.6299999999999955,2022-12-01,2023-05-01
2019-11-18,2022,80.65,20,71.68,-5.6299999999999955,2022-12-01,2023-05-01
2019-11-19,2022,80.65,20,71.68,-5.6299999999999955,2022-12-01,2023-05-01
2019-11-20,2022,80.65,20,71.68,-5.6299999999999955,2022-12-01,2023-05-01
2019-11-21,2022,80.65,20,71.68,-5.6299999999999955,2022-12-01,2023-05-01
2019-11-22,2022,80.4,22,71.68,-5.6299999999999955,2022-12-01,2023-05-01
2019-11-25,2022,80.4,20,71.68,-5.6299999999999955,2022-12-01,2023-05-01
2019-11-26,2022,80.4,20,71.68,-5.6299999999999955,2022-12-01,2023-05-01
2019-11-27,2022,80.4,20,71.68,-5.6299999999999955,2022-12-01,2023-05-01
2019-11-28,2022,80.4,20,71.68,-5.6299999999999955,2022-12-01,2023-05-01
2019-11-29,2022,80.4,20,71.68,-5.6299999999999955,2022-12-01,2023-05-01
2019-12-02,2022,80.17,20,71.68,-5.6299999999999955,2022-12-01,2023-05-01
2019-12-03,2022,80.17,20,71.68,-5.6299999999999955,2022-12-01,2023-05-01
2019-12-04,2022,80.17,20,71.68,-5.6299999999999955,2022-12-01,2023-05-01
2019-12-05,2022,80.17,20,71.68,-5.6299999999999955,2022-12-01,2023-05-01
2019-12-06,2022,80.17,20,71.68,-5.6299999999999955,2022-12-01,2023-05-01
2019-12-09,2022,80.17,18,71.68,-5.6299999999999955,2022-12-01,2023-05-01
2019-12-10,2022,80.17,18,71.68,-5.6299999999999955,2022-12-01,2023-05-01
2019-12-11,2022,80.17,18,71.68,-5.6299999999999955,2022-12-01,2023-05-01
2019-12-12,2022,80.17,18,71.68,-5.6299999999999955,2022-12-01,2023-05-01
2019-12-13,2022,80.17,18,71.68,-5.6299999999999955,2022-12-01,2023-05-01
2019-12-16,2022,80.17,18,71.68,-5.6299999999999955,2022-12-01,2023-05-01
2019-12-17,2022,80.17,18,71.68,-5.6299999999999955,2022-12-01,2023-05-01
2019-12-18,2022,80.17,18,71.68,-5.6299999999999955,2022-12-01,2023-05-01
2019-12-19,2022,80.14,19,71.68,-5.6299999999999955,2022-12-01,2023-05-01
2019-12-20,2022,80.14,19,71.68,-5.6299999999999955,2022-12-01,2023-05-01
2019-12-23,2022,80.11,19,71.68,-5.6299999999999955,2022-12-01,2023-05-01
2019-12-24,2022,80.11,19,71.68,-5.6299999999999955,2022-12-01,2023-05-01
2019-12-26,2022,80.11,19,71.68,-5.6299999999999955,2022-12-01,2023-05-01
2019-12-27,2022,80.11,19,71.68,-5.6299999999999955,2022-12-01,2023-05-01
2019-12-30,2022,80.11,19,71.68,-5.6299999999999955,2022-12-01,2023-05-01
2019-12-31,2022,80.11,19,71.68,-5.6299999999999955,2022-12-01,2023-05-01
2020-01-02,2022,80.36,18,71.68,-5.6299999999999955,2022-12-01,2023-05-01
2020-01-03,2022,80.36,18,71.68,-5.6299999999999955,2022-12-01,2023-05-01
2020-01-06,2022,80.65,16,71.68,-5.6299999999999955,2022-12-01,2023-05-01
2020-01-07,2022,80.11,17,71.68,-5.6299999999999955,2022-12-01,2023-05-01
2020-01-08,2022,80.11,17,71.68,-5.6299999999999955,2022-12-01,2023-05-01
2020-01-09,2022,80.06,16,71.68,-5.6299999999999955,2022-12-01,2023-05-01
2020-01-10,2022,80.06,16,71.68,-5.6299999999999955,2022-12-01,2023-05-01
2020-01-13,2022,79.0,16,71.68,-5.6299999999999955,2022-12-01,2023-05-01
2020-01-14,2022,79.0,16,71.68,-5.6299999999999955,2022-12-01,2023-05-01
2020-01-15,2022,79.0,16,71.68,-5.6299999999999955,2022-12-01,2023-05-01
2020-01-16,2022,80.0,17,71.68,-5.6299999999999955,2022-12-01,2023-05-01
2020-01-17,2022,80.0,17,71.68,-5.6299999999999955,2022-12-01,2023-05-01
2020-01-20,2022,80.06,16,71.68,-5.6299999999999955,2022-12-01,2023-05-01
2020-01-21,2022,80.06,16,71.68,-5.6299999999999955,2022-12-01,2023-05-01
2020-01-22,2022,80.06,16,71.68,-5.6299999999999955,2022-12-01,2023-05-01
2020-01-23,2022,78.95,14,71.68,-5.6299999999999955,2022-12-01,2023-05-01
2020-01-24,2022,80.0,18,71.68,-5.6299999999999955,2022-12-01,2023-05-01
2020-01-27,2022,80.0,18,71.68,-5.6299999999999955,2022-12-01,2023-05-01
2020-01-28,2022,80.0,18,71.68,-5.6299999999999955,2022-12-01,2023-05-01
2020-01-29,2022,80.0,18,71.68,-5.6299999999999955,2022-12-01,2023-05-01
2020-01-30,2022,80.0,17,71.68,-5.6299999999999955,2022-12-01,2023-05-01
2020-01-31,2022,79.0,18,71.68,-5.6299999999999955,2022-12-01,2023-05-01
2020-02-03,2022,79.0,18,71.68,-5.6299999999999955,2022-12-01,2023-05-01
2020-02-04,2022,79.0,18,71.68,-5.6299999999999955,2022-12-01,2023-05-01
2020-02-05,2022,79.0,18,71.68,-5.6299999999999955,2022-12-01,2023-05-01
2020-02-06,2022,79.0,18,71.68,-5.6299999999999955,2022-12-01,2023-05-01
2020-02-07,2022,79.0,18,71.68,-5.6299999999999955,2022-12-01,2023-05-01
2020-02-10,2022,79.0,18,71.68,-5.6299999999999955,2022-12-01,2023-05-01
2020-02-11,2022,77.85,18,71.68,-5.6299999999999955,2022-12-01,2023-05-01
2020-02-12,2022,77.85,18,71.68,-5.6299999999999955,2022-12-01,2023-05-01
2020-02-13,2022,78.0,17,71.68,-5.6299999999999955,2022-12-01,2023-05-01
2020-02-14,2022,78.0,17,71.68,-5.6299999999999955,2022-12-01,2023-05-01
2020-02-17,2022,77.7,17,71.68,-5.6299999999999955,2022-12-01,2023-05-01
2020-02-18,2022,77.7,17,71.68,-5.6299999999999955,2022-12-01,2023-05-01
2020-02-19,2022,77.7,17,71.68,-5.6299999999999955,2022-12-01,2023-05-01
2020-02-20,2022,77.7,17,71.68,-5.6299999999999955,2022-12-01,2023-05-01
2020-02-21,2022,77.7,17,71.68,-5.6299999999999955,2022-12-01,2023-05-01
2020-02-26,2022,76.85,14,71.68,-5.6299999999999955,2022-12-01,2023-05-01
2020-02-27,2022,77.3,16,71.68,-5.6299999999999955,2022-12-01,2023-05-01
2020-02-28,2022,77.3,17,71.68,-5.6299999999999955,2022-12-01,2023-05-01
2020-03-02,2022,77.5,16,71.68,-5.6299999999999955,2022-12-01,2023-05-01
2020-03-03,2022,77.5,16,71.68,-5.6299999999999955,2022-12-01,2023-05-01
2020-03-04,2022,78.85,18,71.68,-5.6299999999999955,2022-12-01,2023-05-01
2020-03-05,2022,78.85,18,71.68,-5.6299999999999955,2022-12-01,2023-05-01
2020-03-06,2022,78.0,19,71.68,-5.6299999999999955,2022-12-01,2023-05-01
2020-03-09,2022,77.85,20,71.68,-5.6299999999999955,2022-12-01,2023-05-01
2020-03-10,2022,77.85,20,71.68,-5.6299999999999955,2022-12-01,2023-05-01
2020-03-11,2022,77.85,20,71.68,-5.6299999999999955,2022-12-01,2023-05-01
2020-03-12,2022,77.85,20,71.68,-5.6299999999999955,2022-12-01,2023-05-01
2020-03-13,2022,77.9,22,71.68,-5.6299999999999955,2022-12-01,2023-05-01
2020-03-16,2022,77.9,22,71.68,-5.6299999999999955,2022-12-01,2023-05-01
2020-03-17,2022,77.9,22,71.68,-5.6299999999999955,2022-12-01,2023-05-01
2020-03-18,2022,77.9,22,71.68,-5.6299999999999955,2022-12-01,2023-05-01
2020-03-19,2022,78.1,21,71.68,-5.6299999999999955,2022-12-01,2023-05-01
2020-03-20,2022,78.1,21,71.68,-5.6299999999999955,2022-12-01,2023-05-01
2020-03-23,2022,77.9,20,71.68,-5.6299999999999955,2022-12-01,2023-05-01
2020-03-24,2022,77.9,20,71.68,-5.6299999999999955,2022-12-01,2023-05-01
2020-03-25,2022,77.9,20,71.68,-5.6299999999999955,2022-12-01,2023-05-01
2020-03-26,2022,78.05,20,71.68,-5.6299999999999955,2022-12-01,2023-05-01
2020-03-27,2022,79.5,20,71.68,-5.6299999999999955,2022-12-01,2023-05-01
2020-03-30,2022,78.0,19,71.68,-5.6299999999999955,2022-12-01,2023-05-01
2020-03-31,2022,78.0,19,71.68,-5.6299999999999955,2022-12-01,2023-05-01
2020-04-01,2022,78.0,19,71.68,-5.6299999999999955,2022-12-01,2023-05-01
2020-04-02,2022,77.85,18,71.68,-5.6299999999999955,2022-12-01,2023-05-01
2020-04-03,2022,78.5,18,71.68,-5.6299999999999955,2022-12-01,2023-05-01
2020-04-06,2022,78.5,16,71.68,-5.6299999999999955,2022-12-01,2023-05-01
2020-04-07,2022,79.5,16,71.68,-5.6299999999999955,2022-12-01,2023-05-01
2020-04-08,2022,79.5,16,71.68,-5.6299999999999955,2022-12-01,2023-05-01
2020-04-09,2022,80.95,16,71.68,-5.6299999999999955,2022-12-01,2023-05-01
2020-04-13,2022,82.6,15,71.68,-5.6299999999999955,2022-12-01,2023-05-01
2020-04-14,2022,83.05,16,71.68,-5.6299999999999955,2022-12-01,2023-05-01
2020-04-15,2022,83.5,17,71.68,-5.6299999999999955,2022-12-01,2023-05-01
2020-04-16,2022,83.5,17,71.68,-5.6299999999999955,2022-12-01,2023-05-01
2020-04-17,2022,83.6,17,71.68,-5.6299999999999955,2022-12-01,2023-05-01
2020-04-20,2022,83.6,17,71.68,-5.6299999999999955,2022-12-01,2023-05-01
2020-04-22,2022,83.6,17,71.68,-5.6299999999999955,2022-12-01,2023-05-01
2020-04-23,2022,83.6,17,71.68,-5.6299999999999955,2022-12-01,2023-05-01
2020-04-24,2022,83.55,16,71.68,-5.6299999999999955,2022-12-01,2023-05-01
2020-04-27,2022,83.55,14,71.68,-5.6299999999999955,2022-12-01,2023-05-01
2020-04-28,2022,83.6,15,71.68,-5.6299999999999955,2022-12-01,2023-05-01
2020-04-29,2022,85.6,15,71.68,-5.6299999999999955,2022-12-01,2023-05-01
2020-04-30,2022,85.75,16,71.68,-5.6299999999999955,2022-12-01,2023-05-01
2020-05-04,2022,86.1,16,71.68,-5.6299999999999955,2022-12-01,2023-05-01
2020-05-05,2022,86.1,16,71.68,-5.6299999999999955,2022-12-01,2023-05-01
2020-05-06,2022,86.1,16,71.68,-5.6299999999999955,2022-12-01,2023-05-01
2020-05-07,2022,86.1,16,71.68,-5.6299999999999955,2022-12-01,2023-05-01
2020-05-08,2022,86.1,16,71.68,-5.6299999999999955,2022-12-01,2023-05-01
2020-05-11,2022,86.3,15,71.68,-5.6299999999999955,2022-12-01,2023-05-01
2020-05-12,2022,86.3,15,71.68,-5.6299999999999955,2022-12-01,2023-05-01
2020-05-13,2022,86.1,16,71.68,-5.6299999999999955,2022-12-01,2023-05-01
2020-05-14,2022,86.1,16,71.68,-5.6299999999999955,2022-12-01,2023-05-01
2020-05-15,2022,87.0,15,71.68,-5.6299999999999955,2022-12-01,2023-05-01
2020-05-18,2022,87.0,15,71.68,-5.6299999999999955,2022-12-01,2023-05-01
2020-05-19,2022,87.0,15,71.68,-5.6299999999999955,2022-12-01,2023-05-01
2020-05-20,2022,87.0,15,71.68,-5.6299999999999955,2022-12-01,2023-05-01
2020-05-21,2022,87.0,15,71.68,-5.6299999999999955,2022-12-01,2023-05-01
2020-05-22,2022,87.2,17,71.68,-5.6299999999999955,2022-12-01,2023-05-01
2020-05-25,2022,87.2,17,71.68,-5.6299999999999955,2022-12-01,2023-05-01
2020-05-26,2022,87.2,17,71.68,-5.6299999999999955,2022-12-01,2023-05-01
2020-05-27,2022,87.2,17,71.68,-5.6299999999999955,2022-12-01,2023-05-01
2020-05-28,2022,88.2,17,71.68,-5.6299999999999955,2022-12-01,2023-05-01
2020-05-29,2022,88.2,17,71.68,-5.6299999999999955,2022-12-01,2023-05-01
2020-06-01,2022,88.35,16,71.68,-5.6299999999999955,2022-12-01,2023-05-01
2020-06-02,2022,88.35,16,71.68,-5.6299999999999955,2022-12-01,2023-05-01
2020-06-03,2022,88.2,17,71.68,-5.6299999999999955,2022-12-01,2023-05-01
2020-06-04,2022,88.2,17,71.68,-5.6299999999999955,2022-12-01,2023-05-01
2020-06-05,2022,88.2,17,71.68,-5.6299999999999955,2022-12-01,2023-05-01
2020-06-08,2022,87.9,15,71.68,-5.6299999999999955,2022-12-01,2023-05-01
2020-06-09,2022,88.05,16,71.68,-5.6299999999999955,2022-12-01,2023-05-01
2020-06-10,2022,88.45,16,71.68,-5.6299999999999955,2022-12-01,2023-05-01
2020-06-12,2022,91.1,18,71.68,-5.6299999999999955,2022-12-01,2023-05-01
2020-06-15,2022,91.3,17,71.68,-5.6299999999999955,2022-12-01,2023-05-01
2020-06-16,2022,91.3,17,71.68,-5.6299999999999955,2022-12-01,2023-05-01
2020-06-17,2022,91.3,17,71.68,-5.6299999999999955,2022-12-01,2023-05-01
2020-06-18,2022,91.3,17,71.68,-5.6299999999999955,2022-12-01,2023-05-01
2020-06-19,2022,91.3,17,71.68,-5.6299999999999955,2022-12-01,2023-05-01
2020-06-22,2022,91.65,16,71.68,-5.6299999999999955,2022-12-01,2023-05-01
2020-06-23,2022,91.65,16,71.68,-5.6299999999999955,2022-12-01,2023-05-01
2020-06-24,2022,91.65,16,71.68,-5.6299999999999955,2022-12-01,2023-05-01
2020-06-25,2022,91.65,16,71.68,-5.6299999999999955,2022-12-01,2023-05-01
2020-06-26,2022,91.65,16,71.68,-5.6299999999999955,2022-12-01,2023-05-01
2020-06-29,2022,91.65,16,71.68,-5.6299999999999955,2022-12-01,2023-05-01
2020-06-30,2022,91.65,16,71.68,-5.6299999999999955,2022-12-01,2023-05-01
2020-07-01,2022,92.0,17,71.68,-5.6299999999999955,2022-12-01,2023-05-01
2020-07-02,2022,92.0,17,71.68,-5.6299999999999955,2022-12-01,2023-05-01
2020-07-03,2022,92.0,17,71.68,-5.6299999999999955,2022-12-01,2023-05-01
2020-07-06,2022,93.6,18,71.68,-5.6299999999999955,2022-12-01,2023-05-01
2020-07-07,2022,93.6,18,71.68,-5.6299999999999955,2022-12-01,2023-05-01
2020-07-08,2022,93.6,18,71.68,-5.6299999999999955,2022-12-01,2023-05-01
2020-07-09,2022,93.6,18,71.68,-5.6299999999999955,2022-12-01,2023-05-01
2020-07-10,2022,94.2,17,71.68,-5.6299999999999955,2022-12-01,2023-05-01
2020-07-13,2022,93.6,14,71.68,-5.6299999999999955,2022-12-01,2023-05-01
2020-07-14,2022,93.6,14,71.68,-5.6299999999999955,2022-12-01,2023-05-01
2020-07-15,2022,93.6,14,71.68,-5.6299999999999955,2022-12-01,2023-05-01
2020-07-16,2022,93.6,14,71.68,-5.6299999999999955,2022-12-01,2023-05-01
2020-07-17,2022,93.6,14,71.68,-5.6299999999999955,2022-12-01,2023-05-01
2020-07-20,2022,93.6,14,71.68,-5.6299999999999955,2022-12-01,2023-05-01
2020-07-21,2022,93.6,14,71.68,-5.6299999999999955,2022-12-01,2023-05-01
2020-07-22,2022,93.6,14,71.68,-5.6299999999999955,2022-12-01,2023-05-01
2020-07-23,2022,93.6,14,71.68,-5.6299999999999955,2022-12-01,2023-05-01
2020-07-24,2022,93.6,16,71.68,-5.6299999999999955,2022-12-01,2023-05-01
2020-07-27,2022,94.2,17,71.68,-5.6299999999999955,2022-12-01,2023-05-01
2020-07-28,2022,94.2,17,71.68,-5.6299999999999955,2022-12-01,2023-05-01
2020-07-29,2022,94.6,17,71.68,-5.6299999999999955,2022-12-01,2023-05-01
2020-07-30,2022,94.6,17,71.68,-5.6299999999999955,2022-12-01,2023-05-01
2020-07-31,2022,93.4,18,71.68,-5.6299999999999955,2022-12-01,2023-05-01
2020-08-03,2022,93.4,18,71.68,-5.6299999999999955,2022-12-01,2023-05-01
2020-08-04,2022,93.4,18,71.68,-5.6299999999999955,2022-12-01,2023-05-01
2020-08-05,2022,93.4,18,71.68,-5.6299999999999955,2022-12-01,2023-05-01
2020-08-06,2022,93.0,17,71.68,-5.6299999999999955,2022-12-01,2023-05-01
2020-08-07,2022,93.4,18,71.68,-5.6299999999999955,2022-12-01,2023-05-01
2020-08-10,2022,93.8,17,71.68,-5.6299999999999955,2022-12-01,2023-05-01
2020-08-11,2022,93.8,17,71.68,-5.6299999999999955,2022-12-01,2023-05-01
2020-08-12,2022,93.45,18,71.68,-5.6299999999999955,2022-12-01,2023-05-01
2020-08-13,2022,93.45,18,71.68,-5.6299999999999955,2022-12-01,2023-05-01
2020-08-14,2022,95.25,18,71.68,-5.6299999999999955,2022-12-01,2023-05-01
2020-08-17,2022,96.7,19,71.68,-5.6299999999999955,2022-12-01,2023-05-01
2020-08-18,2022,94.3,19,71.68,-5.6299999999999955,2022-12-01,2023-05-01
2020-08-19,2022,94.3,19,71.68,-5.6299999999999955,2022-12-01,2023-05-01
2020-08-20,2022,94.3,19,71.68,-5.6299999999999955,2022-12-01,2023-05-01
2020-08-21,2022,94.3,19,71.68,-5.6299999999999955,2022-12-01,2023-05-01
2020-08-24,2022,93.8,17,71.68,-5.6299999999999955,2022-12-01,2023-05-01
2020-08-25,2022,93.8,17,71.68,-5.6299999999999955,2022-12-01,2023-05-01
2020-08-26,2022,93.8,17,71.68,-5.6299999999999955,2022-12-01,2023-05-01
2020-08-27,2022,93.8,17,71.68,-5.6299999999999955,2022-12-01,2023-05-01
2020-08-28,2022,94.05,18,71.68,-5.6299999999999955,2022-12-01,2023-05-01
2020-08-31,2022,94.3,17,71.68,-5.6299999999999955,2022-12-01,2023-05-01
2020-09-01,2022,93.7,18,71.68,-5.6299999999999955,2022-12-01,2023-05-01
2020-09-02,2022,93.7,18,71.68,-5.6299999999999955,2022-12-01,2023-05-01
2020-09-03,2022,93.7,18,71.68,-5.6299999999999955,2022-12-01,2023-05-01
2020-09-04,2022,95.6,18,71.68,-5.6299999999999955,2022-12-01,2023-05-01
2020-09-08,2022,95.6,16,71.68,-5.6299999999999955,2022-12-01,2023-05-01
2020-09-09,2022,94.3,17,71.68,-5.6299999999999955,2022-12-01,2023-05-01
2020-09-10,2022,95.6,18,71.68,-5.6299999999999955,2022-12-01,2023-05-01
2020-09-11,2022,96.9,19,71.68,-5.6299999999999955,2022-12-01,2023-05-01
2020-09-14,2022,95.59,18,71.68,-5.6299999999999955,2022-12-01,2023-05-01
2020-09-15,2022,95.59,18,71.68,-5.6299999999999955,2022-12-01,2023-05-01
2020-09-16,2022,95.59,18,71.68,-5.6299999999999955,2022-12-01,2023-05-01
2020-09-17,2022,95.59,18,71.68,-5.6299999999999955,2022-12-01,2023-05-01
2020-09-18,2022,96.9,19,71.68,-5.6299999999999955,2022-12-01,2023-05-01
2020-09-21,2022,96.9,19,71.68,-5.6299999999999955,2022-12-01,2023-05-01
2020-09-22,2022,96.9,19,71.68,-5.6299999999999955,2022-12-01,2023-05-01
2020-09-23,2022,96.9,19,71.68,-5.6299999999999955,2022-12-01,2023-05-01
2020-09-24,2022,96.9,19,71.68,-5.6299999999999955,2022-12-01,2023-05-01
2020-09-25,2022,96.95,20,71.68,-5.6299999999999955,2022-12-01,2023-05-01
2020-09-28,2022,95.59,18,71.68,-5.6299999999999955,2022-12-01,2023-05-01
2020-09-29,2022,95.59,18,71.68,-5.6299999999999955,2022-12-01,2023-05-01
2020-09-30,2022,95.59,18,71.68,-5.6299999999999955,2022-12-01,2023-05-01
2020-10-01,2022,95.59,18,71.68,-5.6299999999999955,2022-12-01,2023-05-01
2020-10-02,2022,97.0,19,71.68,-5.6299999999999955,2022-12-01,2023-05-01
2020-10-05,2022,97.0,19,71.68,-5.6299999999999955,2022-12-01,2023-05-01
2020-10-06,2022,97.0,19,71.68,-5.6299999999999955,2022-12-01,2023-05-01
2020-10-07,2022,97.05,20,71.68,-5.6299999999999955,2022-12-01,2023-05-01
2020-10-08,2022,97.05,20,71.68,-5.6299999999999955,2022-12-01,2023-05-01
2020-10-09,2022,97.05,20,71.68,-5.6299999999999955,2022-12-01,2023-05-01
2020-10-13,2022,97.05,18,71.68,-5.6299999999999955,2022-12-01,2023-05-01
2020-10-14,2022,97.05,18,71.68,-5.6299999999999955,2022-12-01,2023-05-01
2020-10-15,2022,97.05,18,71.68,-5.6299999999999955,2022-12-01,2023-05-01
2020-10-16,2022,97.05,18,71.68,-5.6299999999999955,2022-12-01,2023-05-01
2020-10-19,2022,96.95,16,71.68,-5.6299999999999955,2022-12-01,2023-05-01
2020-10-20,2022,96.95,16,71.68,-5.6299999999999955,2022-12-01,2023-05-01
2020-10-21,2022,96.95,16,71.68,-5.6299999999999955,2022-12-01,2023-05-01
2020-10-22,2022,96.95,16,71.68,-5.6299999999999955,2022-12-01,2023-05-01
2020-10-23,2022,96.95,18,71.68,-5.6299999999999955,2022-12-01,2023-05-01
2020-10-26,2022,96.95,18,71.68,-5.6299999999999955,2022-12-01,2023-05-01
2020-10-27,2022,96.95,18,71.68,-5.6299999999999955,2022-12-01,2023-05-01
2020-10-28,2022,96.95,18,71.68,-5.6299999999999955,2022-12-01,2023-05-01
2020-10-29,2022,96.95,18,71.68,-5.6299999999999955,2022-12-01,2023-05-01
2020-10-30,2022,96.7,19,71.68,-5.6299999999999955,2022-12-01,2023-05-01
2020-11-03,2022,96.9,19,71.68,-5.6299999999999955,2022-12-01,2023-05-01
2020-11-04,2022,96.9,19,71.68,-5.6299999999999955,2022-12-01,2023-05-01
2020-11-05,2022,96.9,19,71.68,-5.6299999999999955,2022-12-01,2023-05-01
2020-11-06,2022,96.8,18,71.68,-5.6299999999999955,2022-12-01,2023-05-01
2020-11-09,2022,96.7,17,71.68,-5.6299999999999955,2022-12-01,2023-05-01
2020-11-10,2022,96.7,18,71.68,-5.6299999999999955,2022-12-01,2023-05-01
2020-11-11,2022,96.7,18,71.68,-5.6299999999999955,2022-12-01,2023-05-01
2020-11-12,2022,96.7,19,71.68,-5.6299999999999955,2022-12-01,2023-05-01
2020-11-13,2022,96.7,21,71.68,-5.6299999999999955,2022-12-01,2023-05-01
2020-11-16,2022,96.8,20,71.68,-5.6299999999999955,2022-12-01,2023-05-01
2020-11-17,2022,96.7,21,71.68,-5.6299999999999955,2022-12-01,2023-05-01
2020-11-18,2022,96.7,21,71.68,-5.6299999999999955,2022-12-01,2023-05-01
2020-11-19,2022,96.7,21,71.68,-5.6299999999999955,2022-12-01,2023-05-01
2020-11-20,2022,96.7,23,71.68,-5.6299999999999955,2022-12-01,2023-05-01
2020-11-23,2022,96.7,22,71.68,-5.6299999999999955,2022-12-01,2023-05-01
2020-11-24,2022,96.7,22,71.68,-5.6299999999999955,2022-12-01,2023-05-01
2020-11-25,2022,96.7,23,71.68,-5.6299999999999955,2022-12-01,2023-05-01
2020-11-26,2022,96.7,23,71.68,-5.6299999999999955,2022-12-01,2023-05-01
2020-11-27,2022,96.7,23,71.68,-5.6299999999999955,2022-12-01,2023-05-01
2020-11-30,2022,96.7,22,71.68,-5.6299999999999955,2022-12-01,2023-05-01
2020-12-01,2022,96.7,23,71.68,-5.6299999999999955,2022-12-01,2023-05-01
2020-12-02,2022,96.7,23,71.68,-5.6299999999999955,2022-12-01,2023-05-01
2020-12-03,2022,96.7,23,71.68,-5.6299999999999955,2022-12-01,2023-05-01
2020-12-04,2022,96.4,23,71.68,-5.6299999999999955,2022-12-01,2023-05-01
2020-12-07,2022,96.4,23,71.68,-5.6299999999999955,2022-12-01,2023-05-01
2020-12-08,2022,96.4,23,71.68,-5.6299999999999955,2022-12-01,2023-05-01
2020-12-09,2022,96.4,23,71.68,-5.6299999999999955,2022-12-01,2023-05-01
2020-12-10,2022,96.4,23,71.68,-5.6299999999999955,2022-12-01,2023-05-01
2020-12-11,2022,95.8,23,71.68,-5.6299999999999955,2022-12-01,2023-05-01
2020-12-14,2022,96.1,22,71.68,-5.6299999999999955,2022-12-01,2023-05-01
2020-12-15,2022,96.1,22,71.68,-5.6299999999999955,2022-12-01,2023-05-01
2020-12-16,2022,95.05,22,71.68,-5.6299999999999955,2022-12-01,2023-05-01
2020-12-17,2022,94.1,22,71.68,-5.6299999999999955,2022-12-01,2023-05-01
2020-12-18,2022,94.3,21,71.68,-5.6299999999999955,2022-12-01,2023-05-01
2020-12-21,2022,96.1,18,71.68,-5.6299999999999955,2022-12-01,2023-05-01
2020-12-22,2022,96.1,18,71.68,-5.6299999999999955,2022-12-01,2023-05-01
2020-12-23,2022,96.1,18,71.68,-5.6299999999999955,2022-12-01,2023-05-01
2020-12-24,2022,96.1,18,71.68,-5.6299999999999955,2022-12-01,2023-05-01
2020-12-28,2022,95.04,18,71.68,-5.6299999999999955,2022-12-01,2023-05-01
2020-12-29,2022,95.04,18,71.68,-5.6299999999999955,2022-12-01,2023-05-01
2020-12-30,2022,95.04,18,71.68,-5.6299999999999955,2022-12-01,2023-05-01
2020-12-31,2022,95.04,18,71.68,-5.6299999999999955,2022-12-01,2023-05-01
2021-01-04,2022,94.09,16,71.68,-5.6299999999999955,2022-12-01,2023-05-01
2021-01-05,2022,94.28,17,71.68,-5.6299999999999955,2022-12-01,2023-05-01
2021-01-06,2022,94.28,17,71.68,-5.6299999999999955,2022-12-01,2023-05-01
2021-01-07,2022,94.09,16,71.68,-5.6299999999999955,2022-12-01,2023-05-01
2021-01-08,2022,94.09,16,71.68,-5.6299999999999955,2022-12-01,2023-05-01
2021-01-11,2022,93.75,16,71.68,-5.6299999999999955,2022-12-01,2023-05-01
2021-01-12,2022,93.75,16,71.68,-5.6299999999999955,2022-12-01,2023-05-01
2021-01-13,2022,92.3,17,71.68,-5.6299999999999955,2022-12-01,2023-05-01
2021-01-14,2022,92.3,17,71.68,-5.6299999999999955,2022-12-01,2023-05-01
2021-01-15,2022,92.3,19,71.68,-5.6299999999999955,2022-12-01,2023-05-01
2021-01-18,2022,92.0,17,71.68,-5.6299999999999955,2022-12-01,2023-05-01
2021-01-19,2022,92.0,17,71.68,-5.6299999999999955,2022-12-01,2023-05-01
2021-01-20,2022,91.2,18,71.68,-5.6299999999999955,2022-12-01,2023-05-01
2021-01-21,2022,90.4,17,71.68,-5.6299999999999955,2022-12-01,2023-05-01
2021-01-22,2022,90.2,19,71.68,-5.6299999999999955,2022-12-01,2023-05-01
2021-01-25,2022,90.1,20,71.68,-5.6299999999999955,2022-12-01,2023-05-01
2021-01-26,2022,90.1,20,71.68,-5.6299999999999955,2022-12-01,2023-05-01
2021-01-27,2022,90.1,20,71.68,-5.6299999999999955,2022-12-01,2023-05-01
2021-01-28,2022,90.0,19,71.68,-5.6299999999999955,2022-12-01,2023-05-01
2021-01-29,2022,90.0,20,71.68,-5.6299999999999955,2022-12-01,2023-05-01
2021-02-01,2022,90.0,20,71.68,-5.6299999999999955,2022-12-01,2023-05-01
2021-02-02,2022,90.0,21,71.68,-5.6299999999999955,2022-12-01,2023-05-01
2021-02-03,2022,90.0,21,71.68,-5.6299999999999955,2022-12-01,2023-05-01
2021-02-04,2022,89.7,20,71.68,-5.6299999999999955,2022-12-01,2023-05-01
2021-02-05,2022,90.2,21,71.68,-5.6299999999999955,2022-12-01,2023-05-01
2021-02-08,2022,90.2,23,71.68,-5.6299999999999955,2022-12-01,2023-05-01
2021-02-09,2022,90.2,23,71.68,-5.6299999999999955,2022-12-01,2023-05-01
2021-02-10,2022,90.2,23,71.68,-5.6299999999999955,2022-12-01,2023-05-01
2021-02-11,2022,90.16,22,71.68,-5.6299999999999955,2022-12-01,2023-05-01
2021-02-12,2022,90.16,22,71.68,-5.6299999999999955,2022-12-01,2023-05-01
2021-02-17,2022,89.7,16,71.68,-5.6299999999999955,2022-12-01,2023-05-01
2021-02-18,2022,89.7,16,71.68,-5.6299999999999955,2022-12-01,2023-05-01
2021-02-19,2022,90.0,19,71.68,-5.6299999999999955,2022-12-01,2023-05-01
2021-02-22,2022,90.12,17,71.68,-5.6299999999999955,2022-12-01,2023-05-01
2021-02-23,2022,90.0,19,71.68,-5.6299999999999955,2022-12-01,2023-05-01
2021-02-24,2022,90.0,19,71.68,-5.6299999999999955,2022-12-01,2023-05-01
2021-02-25,2022,90.06,18,71.68,-5.6299999999999955,2022-12-01,2023-05-01
2021-02-26,2022,90.12,19,71.68,-5.6299999999999955,2022-12-01,2023-05-01
2021-03-01,2022,90.06,18,71.68,-5.6299999999999955,2022-12-01,2023-05-01
2021-03-02,2022,90.06,18,71.68,-5.6299999999999955,2022-12-01,2023-05-01
2021-03-03,2022,90.15,18,71.68,-5.6299999999999955,2022-12-01,2023-05-01
2021-03-04,2022,90.15,18,71.68,-5.6299999999999955,2022-12-01,2023-05-01
2021-03-05,2022,90.3,17,71.68,-5.6299999999999955,2022-12-01,2023-05-01
2021-03-08,2022,90.3,17,71.68,-5.6299999999999955,2022-12-01,2023-05-01
2021-03-09,2022,90.3,17,71.68,-5.6299999999999955,2022-12-01,2023-05-01
2021-03-10,2022,90.3,17,71.68,-5.6299999999999955,2022-12-01,2023-05-01
2021-03-11,2022,90.3,15,71.68,-5.6299999999999955,2022-12-01,2023-05-01
2021-03-12,2022,90.99,17,71.68,-5.6299999999999955,2022-12-01,2023-05-01
2021-03-15,2022,90.3,17,71.68,-5.6299999999999955,2022-12-01,2023-05-01
2021-03-16,2022,90.3,17,71.68,-5.6299999999999955,2022-12-01,2023-05-01
2021-03-17,2022,90.15,18,71.68,-5.6299999999999955,2022-12-01,2023-05-01
2021-03-18,2022,90.15,18,71.68,-5.6299999999999955,2022-12-01,2023-05-01
2021-03-19,2022,90.15,18,71.68,-5.6299999999999955,2022-12-01,2023-05-01
2021-03-22,2022,90.62,18,71.68,-5.6299999999999955,2022-12-01,2023-05-01
2021-03-23,2022,90.95,19,71.68,-5.6299999999999955,2022-12-01,2023-05-01
2021-03-24,2022,90.95,19,71.68,-5.6299999999999955,2022-12-01,2023-05-01
2021-03-25,2022,90.95,19,71.68,-5.6299999999999955,2022-12-01,2023-05-01
2021-03-26,2022,91.0,17,71.68,-5.6299999999999955,2022-12-01,2023-05-01
2021-03-29,2022,91.0,17,71.68,-5.6299999999999955,2022-12-01,2023-05-01
2021-03-30,2022,91.0,17,71.68,-5.6299999999999955,2022-12-01,2023-05-01
2021-03-31,2022,91.0,5,71.68,-5.6299999999999955,2022-12-01,2023-05-01
2021-04-01,2022,91.0,5,71.68,-5.6299999999999955,2022-12-01,2023-05-01
2021-04-05,2022,91.0,3,71.68,-5.6299999999999955,2022-12-01,2023-05-01
2021-04-06,2022,91.0,3,71.68,-5.6299999999999955,2022-12-01,2023-05-01
2021-04-07,2022,90.2671,4,71.68,-5.6299999999999955,2022-12-01,2023-05-01
2021-04-08,2022,88.0171,4,71.68,-5.6299999999999955,2022-12-01,2023-05-01
2021-04-09,2022,89.6171,6,71.68,-5.6299999999999955,2022-12-01,2023-05-01
2021-04-12,2022,89.1262,5,71.68,-5.6299999999999955,2022-12-01,2023-05-01
2021-04-13,2022,89.1262,5,71.68,-5.6299999999999955,2022-12-01,2023-05-01
2021-04-14,2022,89.1262,5,71.68,-5.6299999999999955,2022-12-01,2023-05-01
2021-04-15,2022,89.4131,6,71.68,-5.6299999999999955,2022-12-01,2023-05-01
2021-04-16,2022,89.7131,6,71.68,-5.6299999999999955,2022-12-01,2023-05-01
2021-04-19,2022,91.75,6,71.68,-5.6299999999999955,2022-12-01,2023-05-01
2021-04-20,2022,90.3,7,71.68,-5.6299999999999955,2022-12-01,2023-05-01
2021-04-22,2022,89.7,9,71.68,-5.6299999999999955,2022-12-01,2023-05-01
2021-04-23,2022,90.3,11,71.68,-5.6299999999999955,2022-12-01,2023-05-01
2021-04-26,2022,90.1,13,71.68,-5.6299999999999955,2022-12-01,2023-05-01
2021-04-27,2022,90.05,12,71.68,-5.6299999999999955,2022-12-01,2023-05-01
2021-04-28,2022,90.1,11,71.68,-5.6299999999999955,2022-12-01,2023-05-01
2021-04-29,2022,90.3,9,71.68,-5.6299999999999955,2022-12-01,2023-05-01
2021-04-30,2022,90.2,6,71.68,-5.6299999999999955,2022-12-01,2023-05-01
2021-05-03,2022,93.5,3,71.68,-5.6299999999999955,2022-12-01,2023-05-01
2021-05-04,2022,93.5,3,71.68,-5.6299999999999955,2022-12-01,2023-05-01
2021-05-05,2022,91.9,4,71.68,-5.6299999999999955,2022-12-01,2023-05-01
2021-05-06,2022,90.3,5,71.68,-5.6299999999999955,2022-12-01,2023-05-01
2021-05-07,2022,89.7936,4,71.68,-5.6299999999999955,2022-12-01,2023-05-01
2021-05-10,2022,89.6,5,71.68,-5.6299999999999955,2022-12-01,2023-05-01
2021-05-11,2022,89.6,5,71.68,-5.6299999999999955,2022-12-01,2023-05-01
2021-05-12,2022,89.7936,6,71.68,-5.6299999999999955,2022-12-01,2023-05-01
2021-05-13,2022,89.8436,6,71.68,-5.6299999999999955,2022-12-01,2023-05-01
2021-05-14,2022,89.8,10,71.68,-5.6299999999999955,2022-12-01,2023-05-01
2021-05-17,2022,89.8,8,71.68,-5.6299999999999955,2022-12-01,2023-05-01
2021-05-18,2022,89.7,9,71.68,-5.6299999999999955,2022-12-01,2023-05-01
2021-05-19,2022,89.7,9,71.68,-5.6299999999999955,2022-12-01,2023-05-01
2021-05-20,2022,89.045,8,71.68,-5.6299999999999955,2022-12-01,2023-05-01
2021-05-21,2022,90.3,7,71.68,-5.6299999999999955,2022-12-01,2023-05-01
2021-05-24,2022,90.3,7,71.68,-5.6299999999999955,2022-12-01,2023-05-01
2021-05-25,2022,90.3,7,71.68,-5.6299999999999955,2022-12-01,2023-05-01
2021-05-26,2022,89.8,8,71.68,-5.6299999999999955,2022-12-01,2023-05-01
2021-05-27,2022,89.8,8,71.68,-5.6299999999999955,2022-12-01,2023-05-01
2021-05-28,2022,89.3094,6,71.68,-5.6299999999999955,2022-12-01,2023-05-01
2021-05-31,2022,87.7004,6,71.68,-5.6299999999999955,2022-12-01,2023-05-01
2021-06-01,2022,89.6,7,71.68,-5.6299999999999955,2022-12-01,2023-05-01
2021-06-02,2022,85.8008,7,71.68,-5.6299999999999955,2022-12-01,2023-05-01
2021-06-04,2022,85.7,9,71.68,-5.6299999999999955,2022-12-01,2023-05-01
2021-06-07,2022,84.4,9,71.68,-5.6299999999999955,2022-12-01,2023-05-01
2021-06-08,2022,85.05,10,71.68,-5.6299999999999955,2022-12-01,2023-05-01
2021-06-09,2022,84.4,11,71.68,-5.6299999999999955,2022-12-01,2023-05-01
2021-06-10,2022,85.5,10,71.68,-5.6299999999999955,2022-12-01,2023-05-01
2021-06-11,2022,85.0,15,71.68,-5.6299999999999955,2022-12-01,2023-05-01
2021-06-14,2022,85.15,14,71.68,-5.6299999999999955,2022-12-01,2023-05-01
2021-06-15,2022,85.0,13,71.68,-5.6299999999999955,2022-12-01,2023-05-01
2021-06-16,2022,85.15,12,71.68,-5.6299999999999955,2022-12-01,2023-05-01
2021-06-17,2022,85.0,14,71.68,-5.6299999999999955,2022-12-01,2023-05-01
2021-06-18,2022,84.3,9,71.68,-5.6299999999999955,2022-12-01,2023-05-01
2021-06-21,2022,85.2,9,71.68,-5.6299999999999955,2022-12-01,2023-05-01
2021-06-22,2022,85.2,9,71.68,-5.6299999999999955,2022-12-01,2023-05-01
2021-06-23,2022,84.3,11,71.68,-5.6299999999999955,2022-12-01,2023-05-01
2021-06-24,2022,84.25,8,71.68,-5.6299999999999955,2022-12-01,2023-05-01
2021-06-25,2022,84.8,7,71.68,-5.6299999999999955,2022-12-01,2023-05-01
2021-06-28,2022,84.9,8,71.68,-5.6299999999999955,2022-12-01,2023-05-01
2021-06-29,2022,84.9,8,71.68,-5.6299999999999955,2022-12-01,2023-05-01
2021-06-30,2022,85.0,6,71.68,-5.6299999999999955,2022-12-01,2023-05-01
2021-07-01,2022,85.0,7,71.68,-5.6299999999999955,2022-12-01,2023-05-01
2021-07-02,2022,85.0,6,71.68,-5.6299999999999955,2022-12-01,2023-05-01
2021-07-05,2022,85.0,6,71.68,-5.6299999999999955,2022-12-01,2023-05-01
2021-07-06,2022,85.0,9,71.68,-5.6299999999999955,2022-12-01,2023-05-01
2021-07-07,2022,85.0,9,71.68,-5.6299999999999955,2022-12-01,2023-05-01
2021-07-08,2022,85.0,11,71.68,-5.6299999999999955,2022-12-01,2023-05-01
2021-07-09,2022,84.65,10,71.68,-5.6299999999999955,2022-12-01,2023-05-01
2021-07-12,2022,84.1,8,71.68,-5.6299999999999955,2022-12-01,2023-05-01
2021-07-13,2022,82.8885,6,71.68,-5.6299999999999955,2022-12-01,2023-05-01
2021-07-14,2022,81.8769,5,71.68,-5.6299999999999955,2022-12-01,2023-05-01
2021-07-15,2022,82.8885,2,71.68,-5.6299999999999955,2022-12-01,2023-05-01
2021-07-16,2022,84.1,8,71.68,-5.6299999999999955,2022-12-01,2023-05-01
2021-07-19,2022,84.1,10,71.68,-5.6299999999999955,2022-12-01,2023-05-01
2021-07-20,2022,84.1,10,71.68,-5.6299999999999955,2022-12-01,2023-05-01
2021-07-21,2022,84.3,11,71.68,-5.6299999999999955,2022-12-01,2023-05-01
2021-07-22,2022,84.35,10,71.68,-5.6299999999999955,2022-12-01,2023-05-01
2021-07-23,2022,84.3,9,71.68,-5.6299999999999955,2022-12-01,2023-05-01
2021-07-26,2022,84.3,9,71.68,-5.6299999999999955,2022-12-01,2023-05-01
2021-07-27,2022,84.25,8,71.68,-5.6299999999999955,2022-12-01,2023-05-01
2021-07-28,2022,83.75,8,71.68,-5.6299999999999955,2022-12-01,2023-05-01
2021-07-29,2022,83.75,10,71.68,-5.6299999999999955,2022-12-01,2023-05-01
2021-07-30,2022,84.25,10,71.68,-5.6299999999999955,2022-12-01,2023-05-01
2021-08-02,2022,84.25,8,71.68,-5.6299999999999955,2022-12-01,2023-05-01
2021-08-03,2022,84.25,8,71.68,-5.6299999999999955,2022-12-01,2023-05-01
2021-08-04,2022,84.5,7,71.68,-5.6299999999999955,2022-12-01,2023-05-01
2021-08-05,2022,85.5,5,71.68,-5.6299999999999955,2022-12-01,2023-05-01
2021-08-06,2022,85.0,5,71.68,-5.6299999999999955,2022-12-01,2023-05-01
2021-08-09,2022,85.0,5,71.68,-5.6299999999999955,2022-12-01,2023-05-01
2021-08-10,2022,84.5,6,71.68,-5.6299999999999955,2022-12-01,2023-05-01
2021-08-11,2022,85.0,7,71.68,-5.6299999999999955,2022-12-01,2023-05-01
2021-08-12,2022,84.0,9,71.68,-5.6299999999999955,2022-12-01,2023-05-01
2021-08-13,2022,84.0,9,71.68,-5.6299999999999955,2022-12-01,2023-05-01
2021-08-16,2022,83.85,10,71.68,-5.6299999999999955,2022-12-01,2023-05-01
2021-08-17,2022,83.7,9,71.68,-5.6299999999999955,2022-12-01,2023-05-01
2021-08-18,2022,83.5,11,71.68,-5.6299999999999955,2022-12-01,2023-05-01
2021-08-19,2022,83.7,9,71.68,-5.6299999999999955,2022-12-01,2023-05-01
2021-08-20,2022,83.1,10,71.68,-5.6299999999999955,2022-12-01,2023-05-01
2021-08-23,2022,83.1,8,71.68,-5.6299999999999955,2022-12-01,2023-05-01
2021-08-24,2022,83.1,10,71.68,-5.6299999999999955,2022-12-01,2023-05-01
2021-08-25,2022,82.7,9,71.68,-5.6299999999999955,2022-12-01,2023-05-01
2021-08-26,2022,82.7,9,71.68,-5.6299999999999955,2022-12-01,2023-05-01
2021-08-27,2022,82.9,8,71.68,-5.6299999999999955,2022-12-01,2023-05-01
2021-08-30,2022,83.3,8,71.68,-5.6299999999999955,2022-12-01,2023-05-01
2021-08-31,2022,83.3,6,71.68,-5.6299999999999955,2022-12-01,2023-05-01
2021-09-01,2022,84.25,6,71.68,-5.6299999999999955,2022-12-01,2023-05-01
2021-09-02,2022,85.0,5,71.68,-5.6299999999999955,2022-12-01,2023-05-01
2021-09-03,2022,84.0,7,71.68,-5.6299999999999955,2022-12-01,2023-05-01
2021-09-06,2022,83.5,7,71.68,-5.6299999999999955,2022-12-01,2023-05-01
2021-09-08,2022,83.5,7,71.68,-5.6299999999999955,2022-12-01,2023-05-01
2021-09-09,2022,83.5,7,71.68,-5.6299999999999955,2022-12-01,2023-05-01
2021-09-10,2022,83.6,10,71.68,-5.6299999999999955,2022-12-01,2023-05-01
2021-09-13,2022,83.5,9,71.68,-5.6299999999999955,2022-12-01,2023-05-01
2021-09-14,2022,83.5,10,71.68,-5.6299999999999955,2022-12-01,2023-05-01
2021-09-15,2022,83.5,11,71.68,-5.6299999999999955,2022-12-01,2023-05-01
2021-09-16,2022,83.3,11,71.68,-5.6299999999999955,2022-12-01,2023-05-01
2021-09-17,2022,83.3,15,71.68,-5.6299999999999955,2022-12-01,2023-05-01
2021-09-20,2022,83.4,13,71.68,-5.6299999999999955,2022-12-01,2023-05-01
2021-09-21,2022,83.15,12,71.68,-5.6299999999999955,2022-12-01,2023-05-01
2021-09-22,2022,83.4,11,71.68,-5.6299999999999955,2022-12-01,2023-05-01
2021-09-23,2022,83.4,11,71.68,-5.6299999999999955,2022-12-01,2023-05-01
2021-09-24,2022,82.1904,4,71.68,-5.6299999999999955,2022-12-01,2023-05-01
2021-09-27,2022,83.2,6,71.68,-5.6299999999999955,2022-12-01,2023-05-01
2021-09-28,2022,83.2,6,71.68,-5.6299999999999955,2022-12-01,2023-05-01
2021-09-29,2022,83.4,7,71.68,-5.6299999999999955,2022-12-01,2023-05-01
2021-09-30,2022,83.45,6,71.68,-5.6299999999999955,2022-12-01,2023-05-01
2021-10-01,2022,83.0,7,71.68,-5.6299999999999955,2022-12-01,2023-05-01
2021-10-04,2022,83.2,6,71.68,-5.6299999999999955,2022-12-01,2023-05-01
2021-10-05,2022,83.2,6,71.68,-5.6299999999999955,2022-12-01,2023-05-01
2021-10-06,2022,82.9,7,71.68,-5.6299999999999955,2022-12-01,2023-05-01
2021-10-07,2022,82.9,7,71.68,-5.6299999999999955,2022-12-01,2023-05-01
2021-10-08,2022,83.5,5,71.68,-5.6299999999999955,2022-12-01,2023-05-01
2021-10-11,2022,83.5,5,71.68,-5.6299999999999955,2022-12-01,2023-05-01
2021-10-13,2022,83.5,7,71.68,-5.6299999999999955,2022-12-01,2023-05-01
2021-10-14,2022,83.0,7,71.68,-5.6299999999999955,2022-12-01,2023-05-01
2021-10-15,2022,83.2,9,71.68,-5.6299999999999955,2022-12-01,2023-05-01
2021-10-18,2022,83.1,10,71.68,-5.6299999999999955,2022-12-01,2023-05-01
2021-10-19,2022,83.1,10,71.68,-5.6299999999999955,2022-12-01,2023-05-01
2021-10-20,2022,83.1,8,71.68,-5.6299999999999955,2022-12-01,2023-05-01
2021-10-21,2022,83.2,9,71.68,-5.6299999999999955,2022-12-01,2023-05-01
2021-10-22,2022,83.4,13,71.68,-5.6299999999999955,2022-12-01,2023-05-01
2021-10-25,2022,83.4907,12,71.68,-5.6299999999999955,2022-12-01,2023-05-01
2021-10-26,2022,83.4813,13,71.68,-5.6299999999999955,2022-12-01,2023-05-01
2021-10-27,2022,83.4907,14,71.68,-5.6299999999999955,2022-12-01,2023-05-01
2021-10-28,2022,83.5,14,71.68,-5.6299999999999955,2022-12-01,2023-05-01
2021-10-29,2022,83.4907,8,71.68,-5.6299999999999955,2022-12-01,2023-05-01
2021-11-01,2022,83.0,9,71.68,-5.6299999999999955,2022-12-01,2023-05-01
2021-11-03,2022,83.0,10,71.68,-5.6299999999999955,2022-12-01,2023-05-01
2021-11-04,2022,83.0,9,71.68,-5.6299999999999955,2022-12-01,2023-05-01
2021-11-05,2022,82.9258,10,71.68,-5.6299999999999955,2022-12-01,2023-05-01
2021-11-08,2022,83.0,11,71.68,-5.6299999999999955,2022-12-01,2023-05-01
2021-11-09,2022,83.0,11,71.68,-5.6299999999999955,2022-12-01,2023-05-01
2021-11-10,2022,83.1587,11,71.68,-5.6299999999999955,2022-12-01,2023-05-01
2021-11-11,2022,83.1587,11,71.68,-5.6299999999999955,2022-12-01,2023-05-01
2021-11-12,2022,83.1587,9,71.68,-5.6299999999999955,2022-12-01,2023-05-01
2021-11-16,2022,83.25,10,71.68,-5.6299999999999955,2022-12-01,2023-05-01
2021-11-17,2022,83.5,11,71.68,-5.6299999999999955,2022-12-01,2023-05-01
2021-11-18,2022,83.25,12,71.68,-5.6299999999999955,2022-12-01,2023-05-01
2021-11-19,2022,83.5,17,71.68,-5.6299999999999955,2022-12-01,2023-05-01
2021-11-22,2022,83.3294,16,71.68,-5.6299999999999955,2022-12-01,2023-05-01
2021-11-23,2022,83.3294,12,71.68,-5.6299999999999955,2022-12-01,2023-05-01
2021-11-24,2022,83.1587,11,71.68,-5.6299999999999955,2022-12-01,2023-05-01
2021-11-25,2022,83.1587,9,71.68,-5.6299999999999955,2022-12-01,2023-05-01
2021-11-26,2022,83.5,7,71.68,-5.6299999999999955,2022-12-01,2023-05-01
2021-11-29,2022,83.7463,10,71.68,-5.6299999999999955,2022-12-01,2023-05-01
2021-11-30,2022,83.7463,10,71.68,-5.6299999999999955,2022-12-01,2023-05-01
2021-12-01,2022,83.9925,9,71.68,-5.6299999999999955,2022-12-01,2023-05-01
2021-12-02,2022,83.5,11,71.68,-5.6299999999999955,2022-12-01,2023-05-01
2021-12-03,2022,83.5,15,71.68,-5.6299999999999955,2022-12-01,2023-05-01
2021-12-06,2022,83.55,14,71.68,-5.6299999999999955,2022-12-01,2023-05-01
2021-12-07,2022,83.55,16,71.68,-5.6299999999999955,2022-12-01,2023-05-01
2021-12-08,2022,83.6,17,71.68,-5.6299999999999955,2022-12-01,2023-05-01
2021-12-09,2022,84.15,17,71.68,-5.6299999999999955,2022-12-01,2023-05-01
2021-12-10,2022,83.825,12,71.68,-5.6299999999999955,2022-12-01,2023-05-01
2021-12-13,2022,83.5,11,71.68,-5.6299999999999955,2022-12-01,2023-05-01
2021-12-14,2022,83.8,9,71.68,-5.6299999999999955,2022-12-01,2023-05-01
2021-12-15,2022,83.8,9,71.68,-5.6299999999999955,2022-12-01,2023-05-01
2021-12-16,2022,83.8,9,71.68,-5.6299999999999955,2022-12-01,2023-05-01
2021-12-17,2022,83.9,12,71.68,-5.6299999999999955,2022-12-01,2023-05-01
2021-12-20,2022,83.6,13,71.68,-5.6299999999999955,2022-12-01,2023-05-01
2021-12-21,2022,83.6,13,71.68,-5.6299999999999955,2022-12-01,2023-05-01
2021-12-22,2022,83.6,13,71.68,-5.6299999999999955,2022-12-01,2023-05-01
2021-12-23,2022,83.7,15,71.68,-5.6299999999999955,2022-12-01,2023-05-01
2021-12-24,2022,83.7,9,71.68,-5.6299999999999955,2022-12-01,2023-05-01
2021-12-27,2022,84.0,9,71.68,-5.6299999999999955,2022-12-01,2023-05-01
2021-12-28,2022,84.0,7,71.68,-5.6299999999999955,2022-12-01,2023-05-01
2021-12-29,2022,83.85,8,71.68,-5.6299999999999955,2022-12-01,2023-05-01
2021-12-30,2022,84.0583,6,71.68,-5.6299999999999955,2022-12-01,2023-05-01
2021-12-31,2022,84.1165,7,71.68,-5.6299999999999955,2022-12-01,2023-05-01
2022-01-03,2022,84.85,10,71.68,-5.6299999999999955,2022-12-01,2023-05-01
2022-01-04,2022,84.9,11,71.68,-5.6299999999999955,2022-12-01,2023-05-01
2022-01-05,2022,84.9,11,71.68,-5.6299999999999955,2022-12-01,2023-05-01
2022-01-06,2022,85.0,9,71.68,-5.6299999999999955,2022-12-01,2023-05-01
2022-01-07,2022,84.65,14,71.68,-5.6299999999999955,2022-12-01,2023-05-01
2022-01-10,2022,84.1165,9,71.68,-5.6299999999999955,2022-12-01,2023-05-01
2022-01-11,2022,83.63,9,71.68,-5.6299999999999955,2022-12-01,2023-05-01
2022-01-12,2022,83.8733,10,71.68,-5.6299999999999955,2022-12-01,2023-05-01
2022-01-13,2022,83.8733,12,71.68,-5.6299999999999955,2022-12-01,2023-05-01
2022-01-14,2022,83.55,14,71.68,-5.6299999999999955,2022-12-01,2023-05-01
2022-01-17,2022,83.5,15,71.68,-5.6299999999999955,2022-12-01,2023-05-01
2022-01-18,2022,83.5,16,71.68,-5.6299999999999955,2022-12-01,2023-05-01
2022-01-19,2022,83.5,15,71.68,-5.6299999999999955,2022-12-01,2023-05-01
2022-01-20,2022,83.5,14,71.68,-5.6299999999999955,2022-12-01,2023-05-01
2022-01-21,2022,84.0,13,71.68,-5.6299999999999955,2022-12-01,2023-05-01
2022-01-24,2022,84.0,14,71.68,-5.6299999999999955,2022-12-01,2023-05-01
2022-01-25,2022,84.0,11,71.68,-5.6299999999999955,2022-12-01,2023-05-01
2022-01-26,2022,84.0,11,71.68,-5.6299999999999955,2022-12-01,2023-05-01
2022-01-27,2022,83.915,12,71.68,-5.6299999999999955,2022-12-01,2023-05-01
2022-01-28,2022,84.015,8,71.68,-5.6299999999999955,2022-12-01,2023-05-01
2022-01-31,2022,84.4351,6,71.68,-5.6299999999999955,2022-12-01,2023-05-01
2022-02-01,2022,84.4351,6,71.68,-5.6299999999999955,2022-12-01,2023-05-01
2022-02-02,2022,84.4351,6,71.68,-5.6299999999999955,2022-12-01,2023-05-01
2022-02-03,2022,84.4351,4,71.68,-5.6299999999999955,2022-12-01,2023-05-01
2022-02-04,2022,83.5,7,71.68,-5.6299999999999955,2022-12-01,2023-05-01
2022-02-07,2022,83.2,11,71.68,-5.6299999999999955,2022-12-01,2023-05-01
2022-02-08,2022,83.5,13,71.68,-5.6299999999999955,2022-12-01,2023-05-01
2022-02-09,2022,83.5,13,71.68,-5.6299999999999955,2022-12-01,2023-05-01
2022-02-10,2022,83.5,14,71.68,-5.6299999999999955,2022-12-01,2023-05-01
2022-02-11,2022,83.5,13,71.68,-5.6299999999999955,2022-12-01,2023-05-01
2022-02-14,2022,83.65,14,71.68,-5.6299999999999955,2022-12-01,2023-05-01
2022-02-15,2022,83.6,12,71.68,-5.6299999999999955,2022-12-01,2023-05-01
2022-02-16,2022,83.6,12,71.68,-5.6299999999999955,2022-12-01,2023-05-01
2022-02-17,2022,83.6,10,71.68,-5.6299999999999955,2022-12-01,2023-05-01
2022-02-18,2022,83.85,12,71.68,-5.6299999999999955,2022-12-01,2023-05-01
2022-02-21,2022,83.3,11,71.68,-5.6299999999999955,2022-12-01,2023-05-01
2022-02-22,2022,83.4,12,71.68,-5.6299999999999955,2022-12-01,2023-05-01
2022-02-23,2022,83.25,12,71.68,-5.6299999999999955,2022-12-01,2023-05-01
2022-02-24,2022,83.0,13,71.68,-5.6299999999999955,2022-12-01,2023-05-01
2022-02-25,2022,82.2,12,71.68,-5.6299999999999955,2022-12-01,2023-05-01
2022-03-02,2022,81.7,9,71.68,-5.6299999999999955,2022-12-01,2023-05-01
2022-03-03,2022,81.7,9,71.68,-5.6299999999999955,2022-12-01,2023-05-01
2022-03-04,2022,82.85,12,71.68,-5.6299999999999955,2022-12-01,2023-05-01
2022-03-07,2022,82.9663,13,71.68,-5.6299999999999955,2022-12-01,2023-05-01
2022-03-08,2022,83.5,9,71.68,-5.6299999999999955,2022-12-01,2023-05-01
2022-03-09,2022,83.5,11,71.68,-5.6299999999999955,2022-12-01,2023-05-01
2022-03-10,2022,83.5,12,71.68,-5.6299999999999955,2022-12-01,2023-05-01
2022-03-11,2022,81.605,14,71.68,-5.6299999999999955,2022-12-01,2023-05-01
2022-03-14,2022,81.61,13,71.68,-5.6299999999999955,2022-12-01,2023-05-01
2022-03-15,2022,81.61,13,71.68,-5.6299999999999955,2022-12-01,2023-05-01
2022-03-16,2022,81.61,11,71.68,-5.6299999999999955,2022-12-01,2023-05-01
2022-03-17,2022,81.15,8,71.68,-5.6299999999999955,2022-12-01,2023-05-01
2022-03-18,2022,82.1869,9,71.68,-5.6299999999999955,2022-12-01,2023-05-01
2022-03-21,2022,82.0935,10,71.68,-5.6299999999999955,2022-12-01,2023-05-01
2022-03-22,2022,82.0935,10,71.68,-5.6299999999999955,2022-12-01,2023-05-01
2022-03-23,2022,82.0935,10,71.68,-5.6299999999999955,2022-12-01,2023-05-01
2022-03-24,2022,82.1869,13,71.68,-5.6299999999999955,2022-12-01,2023-05-01
2022-03-25,2022,81.3,11,71.68,-5.6299999999999955,2022-12-01,2023-05-01
2022-03-28,2022,81.32,12,71.68,-5.6299999999999955,2022-12-01,2023-05-01
2022-03-29,2022,81.32,12,71.68,-5.6299999999999955,2022-12-01,2023-05-01
2022-03-30,2022,81.32,12,71.68,-5.6299999999999955,2022-12-01,2023-05-01
2022-03-31,2022,80.9,9,71.68,-5.6299999999999955,2022-12-01,2023-05-01
2022-04-01,2022,81.8788,9,71.68,-5.6299999999999955,2022-12-01,2023-05-01
2022-04-04,2022,82.0349,9,71.68,-5.6299999999999955,2022-12-01,2023-05-01
2022-04-05,2022,81.7175,10,71.68,-5.6299999999999955,2022-12-01,2023-05-01
2022-04-06,2022,81.4,11,71.68,-5.6299999999999955,2022-12-01,2023-05-01
2022-04-07,2022,81.4,11,71.68,-5.6299999999999955,2022-12-01,2023-05-01
2022-04-08,2022,80.85,10,71.68,-5.6299999999999955,2022-12-01,2023-05-01
2022-04-11,2022,80.3,9,71.68,-5.6299999999999955,2022-12-01,2023-05-01
2022-04-12,2022,81.01,8,71.68,-5.6299999999999955,2022-12-01,2023-05-01
2022-04-13,2022,81.72,7,71.68,-5.6299999999999955,2022-12-01,2023-05-01
2022-04-14,2022,80.97,9,71.68,-5.6299999999999955,2022-12-01,2023-05-01
2022-04-18,2022,81.2,7,71.68,-5.6299999999999955,2022-12-01,2023-05-01
2022-04-19,2022,81.2,9,71.68,-5.6299999999999955,2022-12-01,2023-05-01
2022-04-20,2022,81.2,11,71.68,-5.6299999999999955,2022-12-01,2023-05-01
2022-04-22,2022,81.2,13,71.68,-5.6299999999999955,2022-12-01,2023-05-01
2022-04-25,2022,81.15,16,71.68,-5.6299999999999955,2022-12-01,2023-05-01
2022-04-26,2022,81.15,16,71.68,-5.6299999999999955,2022-12-01,2023-05-01
2022-04-27,2022,80.75,14,71.68,-5.6299999999999955,2022-12-01,2023-05-01
2022-04-28,2022,81.0,13,71.68,-5.6299999999999955,2022-12-01,2023-05-01
2022-04-29,2022,81.0,17,71.68,-5.6299999999999955,2022-12-01,2023-05-01
2022-05-02,2022,81.0,13,71.68,-5.6299999999999955,2022-12-01,2023-05-01
2022-05-03,2022,81.0,13,71.68,-5.6299999999999955,2022-12-01,2023-05-01
2022-05-04,2022,80.865,14,71.68,-5.6299999999999955,2022-12-01,2023-05-01
2022-05-05,2022,80.73,13,71.68,-5.6299999999999955,2022-12-01,2023-05-01
2022-05-06,2022,80.415,10,71.68,-5.6299999999999955,2022-12-01,2023-05-01
2022-05-09,2022,80.73,9,71.68,-5.6299999999999955,2022-12-01,2023-05-01
2022-05-10,2022,80.73,9,71.68,-5.6299999999999955,2022-12-01,2023-05-01
2022-05-11,2022,80.1,9,71.68,-5.6299999999999955,2022-12-01,2023-05-01
2022-05-12,2022,79.6,11,71.68,-5.6299999999999955,2022-12-01,2023-05-01
2022-05-13,2022,79.825,8,71.68,-5.6299999999999955,2022-12-01,2023-05-01
2022-05-16,2022,79.825,8,71.68,-5.6299999999999955,2022-12-01,2023-05-01
2022-05-17,2022,80.1,9,71.68,-5.6299999999999955,2022-12-01,2023-05-01
2022-05-18,2022,80.1,9,71.68,-5.6299999999999955,2022-12-01,2023-05-01
2022-05-19,2022,80.1,7,71.68,-5.6299999999999955,2022-12-01,2023-05-01
2022-05-20,2022,79.52,14,71.68,-5.6299999999999955,2022-12-01,2023-05-01
2022-05-23,2022,79.52,14,71.68,-5.6299999999999955,2022-12-01,2023-05-01
2022-05-24,2022,79.04,13,71.68,-5.6299999999999955,2022-12-01,2023-05-01
2022-05-25,2022,79.04,15,71.68,-5.6299999999999955,2022-12-01,2023-05-01
2022-05-26,2022,78.92,16,71.68,-5.6299999999999955,2022-12-01,2023-05-01
2022-05-27,2022,79.25,8,71.68,-5.6299999999999955,2022-12-01,2023-05-01
2022-05-30,2022,79.8648,10,71.68,-5.6299999999999955,2022-12-01,2023-05-01
2022-05-31,2022,79.5648,10,71.68,-5.6299999999999955,2022-12-01,2023-05-01
2022-06-01,2022,79.5648,8,71.68,-5.6299999999999955,2022-12-01,2023-05-01
2022-06-02,2022,79.7296,7,71.68,-5.6299999999999955,2022-12-01,2023-05-01
2022-06-03,2022,79.5648,6,71.68,-5.6299999999999955,2022-12-01,2023-05-01
2022-06-06,2022,78.45,7,71.68,-5.6299999999999955,2022-12-01,2023-05-01
2022-06-07,2022,78.0,7,71.68,-5.6299999999999955,2022-12-01,2023-05-01
2022-06-08,2022,78.0,8,71.68,-5.6299999999999955,2022-12-01,2023-05-01
2022-06-09,2022,78.0,9,71.68,-5.6299999999999955,2022-12-01,2023-05-01
2022-06-10,2022,78.9,15,71.68,-5.6299999999999955,2022-12-01,2023-05-01
2022-06-13,2022,79.15,14,71.68,-5.6299999999999955,2022-12-01,2023-05-01
2022-06-14,2022,79.15,14,71.68,-5.6299999999999955,2022-12-01,2023-05-01
2022-06-15,2022,79.35,14,71.68,-5.6299999999999955,2022-12-01,2023-05-01
2022-06-17,2022,79.3,19,71.68,-5.6299999999999955,2022-12-01,2023-05-01
2022-06-20,2022,78.9,13,71.68,-5.6299999999999955,2022-12-01,2023-05-01
2022-06-21,2022,78.85,12,71.68,-5.6299999999999955,2022-12-01,2023-05-01
2022-06-22,2022,78.9,13,71.68,-5.6299999999999955,2022-12-01,2023-05-01
2022-06-23,2022,78.95,12,71.68,-5.6299999999999955,2022-12-01,2023-05-01
2022-06-24,2022,79.0,9,71.68,-5.6299999999999955,2022-12-01,2023-05-01
2022-06-27,2022,79.1,8,71.68,-5.6299999999999955,2022-12-01,2023-05-01
2022-06-28,2022,79.2,9,71.68,-5.6299999999999955,2022-12-01,2023-05-01
2022-06-29,2022,79.2,9,71.68,-5.6299999999999955,2022-12-01,2023-05-01
2022-06-30,2022,79.2,9,71.68,-5.6299999999999955,2022-12-01,2023-05-01
2022-07-01,2022,78.9,9,71.68,-5.6299999999999955,2022-12-01,2023-05-01
2022-07-04,2022,78.8004,8,71.68,-5.6299999999999955,2022-12-01,2023-05-01
2022-07-05,2022,78.7008,7,71.68,-5.6299999999999955,2022-12-01,2023-05-01
2022-07-06,2022,78.8004,8,71.68,-5.6299999999999955,2022-12-01,2023-05-01
2022-07-07,2022,78.8004,10,71.68,-5.6299999999999955,2022-12-01,2023-05-01
2022-07-08,2022,78.9,7,71.68,-5.6299999999999955,2022-12-01,2023-05-01
2022-07-11,2022,78.95,8,71.68,-5.6299999999999955,2022-12-01,2023-05-01
2022-07-12,2022,79.15,10,71.68,-5.6299999999999955,2022-12-01,2023-05-01
2022-07-13,2022,79.15,10,71.68,-5.6299999999999955,2022-12-01,2023-05-01
2022-07-14,2022,79.0,9,71.68,-5.6299999999999955,2022-12-01,2023-05-01
2022-07-15,2022,79.15,10,71.68,-5.6299999999999955,2022-12-01,2023-05-01
2022-07-18,2022,79.0,12,71.68,-5.6299999999999955,2022-12-01,2023-05-01
2022-07-19,2022,78.96,9,71.68,-5.6299999999999955,2022-12-01,2023-05-01
2022-07-20,2022,78.9,11,71.68,-5.6299999999999955,2022-12-01,2023-05-01
2022-07-21,2022,78.85,10,71.68,-5.6299999999999955,2022-12-01,2023-05-01
2022-07-22,2022,78.85,14,71.68,-5.6299999999999955,2022-12-01,2023-05-01
2022-07-25,2022,78.8,15,71.68,-5.6299999999999955,2022-12-01,2023-05-01
2022-07-26,2022,78.8,15,71.68,-5.6299999999999955,2022-12-01,2023-05-01
2022-07-27,2022,78.8504,14,71.68,-5.6299999999999955,2022-12-01,2023-05-01
2022-07-28,2022,79.0,15,71.68,-5.6299999999999955,2022-12-01,2023-05-01
2022-07-29,2022,78.8478,14,71.68,-5.6299999999999955,2022-12-01,2023-05-01
2022-08-01,2022,78.6955,13,71.68,-5.6299999999999955,2022-12-01,2023-05-01
2022-08-02,2022,78.6955,13,71.68,-5.6299999999999955,2022-12-01,2023-05-01
2022-08-03,2022,79.0,14,71.68,-5.6299999999999955,2022-12-01,2023-05-01
2022-08-04,2022,78.8478,14,71.68,-5.6299999999999955,2022-12-01,2023-05-01
2022-08-05,2022,79.0,9,71.68,-5.6299999999999955,2022-12-01,2023-05-01
2022-08-08,2022,79.0,10,71.68,-5.6299999999999955,2022-12-01,2023-05-01
2022-08-09,2022,79.0,9,71.68,-5.6299999999999955,2022-12-01,2023-05-01
2022-08-10,2022,78.25,8,71.68,-5.6299999999999955,2022-12-01,2023-05-01
2022-08-11,2022,79.0,10,71.68,-5.6299999999999955,2022-12-01,2023-05-01
2022-08-12,2022,79.0,9,71.68,-5.6299999999999955,2022-12-01,2023-05-01
2022-08-15,2022,79.0,11,71.68,-5.6299999999999955,2022-12-01,2023-05-01
2022-08-16,2022,78.9,11,71.68,-5.6299999999999955,2022-12-01,2023-05-01
2022-08-17,2022,78.9,13,71.68,-5.6299999999999955,2022-12-01,2023-05-01
2022-08-18,2022,78.9,13,71.68,-5.6299999999999955,2022-12-01,2023-05-01
2022-08-19,2022,78.7978,14,71.68,-5.6299999999999955,2022-12-01,2023-05-01
2022-08-22,2022,78.5978,14,71.68,-5.6299999999999955,2022-12-01,2023-05-01
2022-08-23,2022,78.5,13,71.68,-5.6299999999999955,2022-12-01,2023-05-01
2022-08-24,2022,78.8478,14,71.68,-5.6299999999999955,2022-12-01,2023-05-01
2022-08-25,2022,79.0,12,71.68,-5.6299999999999955,2022-12-01,2023-05-01
2022-08-26,2022,79.13,9,71.68,-5.6299999999999955,2022-12-01,2023-05-01
2022-08-29,2022,79.165,10,71.68,-5.6299999999999955,2022-12-01,2023-05-01
2022-08-30,2022,79.165,10,71.68,-5.6299999999999955,2022-12-01,2023-05-01
2022-08-31,2022,79.0,11,71.68,-5.6299999999999955,2022-12-01,2023-05-01
2022-09-01,2022,78.5,10,71.68,-5.6299999999999955,2022-12-01,2023-05-01
2022-09-02,2022,77.75,8,71.68,-5.6299999999999955,2022-12-01,2023-05-01
2022-09-05,2022,78.0,7,71.68,-5.6299999999999955,2022-12-01,2023-05-01
2022-09-06,2022,78.0,9,71.68,-5.6299999999999955,2022-12-01,2023-05-01
2022-09-08,2022,78.1,8,71.68,-5.6299999999999955,2022-12-01,2023-05-01
2022-09-09,2022,77.95,12,71.68,-5.6299999999999955,2022-12-01,2023-05-01
2022-09-12,2022,78.0,15,71.68,-5.6299999999999955,2022-12-01,2023-05-01
2022-09-13,2022,78.0,15,71.68,-5.6299999999999955,2022-12-01,2023-05-01
2022-09-14,2022,77.8,14,71.68,-5.6299999999999955,2022-12-01,2023-05-01
2022-09-15,2022,77.7,13,71.68,-5.6299999999999955,2022-12-01,2023-05-01
2022-09-16,2022,78.2921,17,71.68,-5.6299999999999955,2022-12-01,2023-05-01
2022-09-19,2022,78.2921,15,71.68,-5.6299999999999955,2022-12-01,2023-05-01
2022-09-20,2022,78.0,13,71.68,-5.6299999999999955,2022-12-01,2023-05-01
2022-09-21,2022,78.2921,13,71.68,-5.6299999999999955,2022-12-01,2023-05-01
2022-09-22,2022,78.1461,12,71.68,-5.6299999999999955,2022-12-01,2023-05-01
2022-09-23,2022,77.8,13,71.68,-5.6299999999999955,2022-12-01,2023-05-01
2022-09-26,2022,77.65,14,71.68,-5.6299999999999955,2022-12-01,2023-05-01
2022-09-27,2022,77.65,14,71.68,-5.6299999999999955,2022-12-01,2023-05-01
2022-09-28,2022,77.65,14,71.68,-5.6299999999999955,2022-12-01,2023-05-01
2022-09-29,2022,78.0,15,71.68,-5.6299999999999955,2022-12-01,2023-05-01
2022-09-30,2022,77.95,10,71.68,-5.6299999999999955,2022-12-01,2023-05-01
2022-10-03,2022,77.0,11,71.68,-5.6299999999999955,2022-12-01,2023-05-01
2022-10-04,2022,77.0,11,71.68,-5.6299999999999955,2022-12-01,2023-05-01
2022-10-05,2022,77.15,12,71.68,-5.6299999999999955,2022-12-01,2023-05-01
2022-10-06,2022,77.0,11,71.68,-5.6299999999999955,2022-12-01,2023-05-01
2022-10-07,2022,77.3,9,71.68,-5.6299999999999955,2022-12-01,2023-05-01
2022-10-10,2022,77.6,7,71.68,-5.6299999999999955,2022-12-01,2023-05-01
2022-10-11,2022,77.3,9,71.68,-5.6299999999999955,2022-12-01,2023-05-01
2022-10-13,2022,77.6,11,71.68,-5.6299999999999955,2022-12-01,2023-05-01
2022-10-14,2022,77.45,14,71.68,-5.6299999999999955,2022-12-01,2023-05-01
2022-10-17,2022,77.4,14,71.68,-5.6299999999999955,2022-12-01,2023-05-01
2022-10-18,2022,77.65,14,71.68,-5.6299999999999955,2022-12-01,2023-05-01
2022-10-19,2022,77.5,13,71.68,-5.6299999999999955,2022-12-01,2023-05-01
2022-10-20,2022,77.5,13,71.68,-5.6299999999999955,2022-12-01,2023-05-01
2022-10-21,2022,77.5,15,71.68,-5.6299999999999955,2022-12-01,2023-05-01
2022-10-24,2022,77.9,16,71.68,-5.6299999999999955,2022-12-01,2023-05-01
2022-10-25,2022,77.5,13,71.68,-5.6299999999999955,2022-12-01,2023-05-01
2022-10-26,2022,77.5,11,71.68,-5.6299999999999955,2022-12-01,2023-05-01
2022-10-27,2022,77.9,12,71.68,-5.6299999999999955,2022-12-01,2023-05-01
2022-10-28,2022,78.0,13,71.68,-5.6299999999999955,2022-12-01,2023-05-01
2022-10-31,2022,77.9,10,71.68,-5.6299999999999955,2022-12-01,2023-05-01
2022-11-01,2022,78.0,11,71.68,-5.6299999999999955,2022-12-01,2023-05-01
2022-11-03,2022,78.0,13,71.68,-5.6299999999999955,2022-12-01,2023-05-01
2022-11-04,2022,77.5,13,71.68,-5.6299999999999955,2022-12-01,2023-05-01
2022-11-07,2022,77.5,13,71.68,-5.6299999999999955,2022-12-01,2023-05-01
2022-11-08,2022,77.5,13,71.68,-5.6299999999999955,2022-12-01,2023-05-01
2022-11-09,2022,77.5,15,71.68,-5.6299999999999955,2022-12-01,2023-05-01
2022-11-10,2022,77.5,15,71.68,-5.6299999999999955,2022-12-01,2023-05-01
2022-11-11,2022,77.0,14,71.68,-5.6299999999999955,2022-12-01,2023-05-01
2022-11-14,2022,76.775,14,71.68,-5.6299999999999955,2022-12-01,2023-05-01
2022-11-16,2022,76.775,14,71.68,-5.6299999999999955,2022-12-01,2023-05-01
2022-11-17,2022,77.0,14,71.68,-5.6299999999999955,2022-12-01,2023-05-01
2022-11-18,2022,76.775,18,71.68,-5.6299999999999955,2022-12-01,2023-05-01
2022-11-21,2022,77.0,15,71.68,-5.6299999999999955,2022-12-01,2023-05-01
2022-11-22,2022,76.8,15,71.68,-5.6299999999999955,2022-12-01,2023-05-01
2022-11-23,2022,76.9,16,71.68,-5.6299999999999955,2022-12-01,2023-05-01
2022-11-24,2022,77.15,16,71.68,-5.6299999999999955,2022-12-01,2023-05-01
2022-11-25,2022,77.5,13,71.68,-5.6299999999999955,2022-12-01,2023-05-01
2022-11-28,2022,77.5,12,71.68,-5.6299999999999955,2022-12-01,2023-05-01
2022-11-29,2022,77.5,13,71.68,-5.6299999999999955,2022-12-01,2023-05-01
2022-11-30,2022,77.5,11,71.68,-5.6299999999999955,2022-12-01,2023-05-01
2022-12-01,2022,77.5,9,71.68,-5.6299999999999955,2022-12-01,2023-05-01
2022-12-02,2022,77.25,12,71.68,-5.6299999999999955,2022-12-01,2023-05-01
2022-12-05,2022,77.1,12,71.68,-5.6299999999999955,2022-12-01,2023-05-01
2022-12-06,2022,76.0,11,71.68,-5.6299999999999955,2022-12-01,2023-05-01
2022-12-07,2022,76.0,11,71.68,-5.6299999999999955,2022-12-01,2023-05-01
2022-12-08,2022,77.0,13,71.68,-5.6299999999999955,2022-12-01,2023-05-01
2022-12-09,2022,76.0,9,71.68,-5.6299999999999955,2022-12-01,2023-05-01
2022-12-12,2022,76.0,9,71.68,-5.6299999999999955,2022-12-01,2023-05-01
2022-12-13,2022,76.5,10,71.68,-5.6299999999999955,2022-12-01,2023-05-01
2022-12-14,2022,77.0,9,71.68,-5.6299999999999955,2022-12-01,2023-05-01
2022-12-15,2022,76.5,8,71.68,-5.6299999999999955,2022-12-01,2023-05-01
2022-12-16,2022,76.0,13,71.68,-5.6299999999999955,2022-12-01,2023-05-01
2022-12-19,2022,75.5,17,71.68,-5.6299999999999955,2022-12-01,2023-05-01
2022-12-20,2022,75.25,18,71.68,-5.6299999999999955,2022-12-01,2023-05-01
2022-12-21,2022,75.2,19,71.68,-5.6299999999999955,2022-12-01,2023-05-01
2022-12-22,2022,75.4,20,71.68,-5.6299999999999955,2022-12-01,2023-05-01
2022-12-23,2022,75.3,19,71.68,-5.6299999999999955,2022-12-01,2023-05-01
2022-12-26,2022,75.25,18,71.68,-5.6299999999999955,2022-12-01,2023-05-01
2022-12-27,2022,75.2,16,71.68,-5.6299999999999955,2022-12-01,2023-05-01
2022-12-28,2022,75.2,15,71.68,-5.6299999999999955,2022-12-01,2023-05-01
2022-12-29,2022,75.2,13,71.68,-5.6299999999999955,2022-12-01,2023-05-01
2022-12-30,2022,76.0,7,71.68,-5.6299999999999955,2022-12-01,2023-05-01
2023-01-02,2022,76.0,9,71.68,-5.6299999999999955,2022-12-01,2023-05-01
2023-01-03,2022,76.1,8,71.68,-5.6299999999999955,2022-12-01,2023-05-01
2023-01-04,2022,75.75,8,71.68,-5.6299999999999955,2022-12-01,2023-05-01
2023-01-05,2022,74.5,7,71.68,-5.6299999999999955,2022-12-01,2023-05-01
2023-01-06,2022,75.1,9,71.68,-5.6299999999999955,2022-12-01,2023-05-01
2023-01-09,2022,75.0,7,71.68,-5.6299999999999955,2022-12-01,2023-05-01
2023-01-10,2022,74.75,8,71.68,-5.6299999999999955,2022-12-01,2023-05-01
2023-01-11,2022,74.75,8,71.68,-5.6299999999999955,2022-12-01,2023-05-01
2023-01-12,2022,74.75,8,71.68,-5.6299999999999955,2022-12-01,2023-05-01
2023-01-13,2022,74.45,12,71.68,-5.6299999999999955,2022-12-01,2023-05-01
2023-01-16,2022,74.4,13,71.68,-5.6299999999999955,2022-12-01,2023-05-01
2023-01-17,2022,74.3,11,71.68,-5.6299999999999955,2022-12-01,2023-05-01
2023-01-18,2022,74.75,12,71.68,-5.6299999999999955,2022-12-01,2023-05-01
2023-01-19,2022,75.0,14,71.68,-5.6299999999999955,2022-12-01,2023-05-01
2023-01-20,2022,75.0,20,71.68,-5.6299999999999955,2022-12-01,2023-05-01
2023-01-23,2022,75.37,19,71.68,-5.6299999999999955,2022-12-01,2023-05-01
2023-01-24,2022,75.185,22,71.68,-5.6299999999999955,2022-12-01,2023-05-01
2023-01-25,2022,74.5,21,71.68,-5.6299999999999955,2022-12-01,2023-05-01
2023-01-26,2022,74.5,18,71.68,-5.6299999999999955,2022-12-01,2023-05-01
2023-01-27,2022,74.5,14,71.68,-5.6299999999999955,2022-12-01,2023-05-01
